0004ea8610cd0ef12431dccc69bf6dc5c8fff161.png,
00230f2a02ac12237e855d37b94ce333ce41c79e.png,
003e6f5a44366547e94cdd47bcfd52e9dc478774.png,
004cf90fc1573e4d496a951843b1b0257d2b1eef.png,
0067f4aa3aac0eb4d329faa4dc43767c3218cc99.png,
0085ba47e7cce8bf944ff56869c7ce1b81f9c5a1.png,
009cbdfbf9781c6f947f4aa757885d2495fda5b5.png,
00a3cb60bb0c6ccb0c5204af3a1cd84626d73db0.png,
00bfb89156fc0c98bdb065397456881ca4e18455.png,
00de66e97488ed07c5aa09b6af8a16ebac870b86.png,
00e8916775a73861c93240e01132829ff9233437.png,
0117bd02457898c415bb839e22287f9e81dc84ee.png,
014db2c42357dd0ad60e5e40c7062180eb16367d.png,
0150ebe5780bfda6b784fe6827f12aaedf6e7cad.png,
016843b3988222a07ae427190b880da6a1cda1ac.png,
016dcd3e57113512353a70a9f23da7e842c9789b.png,
017ab59df4dedaa7a115bb1d0374fa8107d42866.png,
019506bc1516fbea85e29cc501ad842954cc81f0.png,
01a48711c336568097a50bae2b58dd4a82375e2b.png,
01c295f60965f2ea8f32e3048cf65bf461b63cbf.png,
01de4128462d63085081a4a503110d3a35074a31.png,
01e63cf3cacf85943d9e32783fd5ab0d0966cb5d.png,
01f7fd5f5b19ec8bd5f9b034120fa368109525db.png,
01f8ee9dc592555cfec465d700884ea4f28ece49.png,
021d540aa572db460ace56ed4c247e08f5777f4a.png,
02331f582620bc5cf570cce0c7c0ad67d3161282.png,
02780bd92ccc5ccaae66d8726d27ad4b2ba8b18d.png,
0297d4e6d0ebad983fdef24692c75ebca4af5c25.png,
02bdb1f80893402b60cee43552c0c2b83afd00ae.png,
02c1244ee4ac717fdfa160f6d7b8e57826fec618.png,
02ddfeafadcb716cd52ee2fbdedbe7c6ecfe73a5.png,
02ec869902c6fbb6ef7b8132054229a2ad2766e5.png,
031202515dd30f1bf80ade13c89eac56dcbfa926.png,
0351bcd94116d82c2e6e7ab7894c2ab3826de4a0.png,
035612b10af734a57b36f9ab934e126ca2c3a02c.png,
037b2efe1cd6deadf3e1d8c0a30157410ed10b38.png,
043cb745a8df0b213834232d34a7703591e0302e.png,
0459667ca0aa769145045ea13f5ca27e7a19b33c.png,
045ba835c8786c25b6d32a4cec018a036a76c336.png,
048c0e51ce95c277901733f5c7cc05aa5601e379.png,
04c54f1d8fed66dc2a456554cec48c6591931f0c.png,
04cadf5e80aaf233470f0ecf0e1a81b33d78f5f7.png,
04ccdfe292e0dffca0554ea43154af8f7737a8ac.png,
0518f63874460ba60ec3e75f6aa439a260d88389.png,
05329dba1c2ca70550c165d94ab0f63dbd27393b.png,
055172a0eb9960d208ea666635d6c39fbf30b275.png,
05558219157fb861f8a21171396cc497f4e8a549.png,
0567ca3b5b5d82e19964bf807ffea996e76c01b8.png,
0577a2c72b230e4a662772b68846888a09bbab3a.png,
0581f1b853c8d7574eda541b56655d9d27eeec4b.png,
058e67a0e41c39114687080585f59f3cfc85563a.png,
059952f6fe5a6bdfcf2f52589d3830810788dd0e.png,
05e31f77be92daa0684aca8733f18c7471ab0926.png,
060d87f6d740fdba8c40228a74c38473aaae5e4a.png,
066de130247e9c20d0a5be42ada5bcf614f8b679.png,
0673219a483be02f4ce180b57abfe4fafcc05879.png,
068200f3f16d7767f379e8a8f7195b20f334209b.png,
06aa941963617dbf3f34258a6c1f39cbe23ac16b.png,
06acb64fa9c5ca976e7d7d06096a63840fce1308.png,
06c459b93c89d58147c3d4f22bbb805643c12add.png,
06cd5e3a383f7ff4e0a840ed65db5bd9d9a7e451.png,
06ef0caa277df1c4a141199e58d9320b638ccd7f.png,
07032ff03a8e96f2c7eb6ddcca0bb5dc29e1572d.png,
070ec18a8e22cb95fa6f8f2f7b614e13d7009ae5.png,
07c11e912e7e74758cedf380204f6777ec6e4ced.png,
0809eb47616e7cee34275cb8154cbeb4a05bcd6c.png,
081102a32646be844a4896fe5eec55f7fd887db4.png,
082633b56c79dad8f421e6a930444cedfbe83697.png,
0844cd8e3c16f55a649845f51b6343c2c9124511.png,
08ac0066d9b34bdcc0ff9e4c67a2779b18848b0b.png,
08c6b3fabdc0e4ee87665c7b29f55b12f36ac73b.png,
093293d351af4d4137c5256bb999de3ef615d2ba.png,
095d80281728a809042cca97fb3c3cbfbc63bdf2.png,
0971ffb24b6fb037c2183851e0e543f69f755853.png,
09785dbac18b3941b514a0a9622935517f82e144.png,
0979e3be560e474f383bfe4aa070d3153b5c4632.png,
0980a3c42bf5f5c0f89b96e778b971afcf016cf3.png,
09d2ed2c120e64706ae4fea25cdf1237b5e0d3fc.png,
0a1e5dd8bc191bd6e0063c29d193eb3b70f5ccd0.png,
0a577e07b8564df78b86f4c471fc0d14989ba295.png,
0a6cf8784cf1c7f9c4234d586b10a840b8ea75cf.png,
0a789b5c3471898587244136de789aa4583cc565.png,
0a9cd204100ba17d3f9575cf0d1d21038e2f2f1b.png,
0ad939f776d046cb51b3ae28999db15331861e42.png,
0adc4954e2e59e52fa7753a938b083790ab6a6ac.png,
0b168a9514383461d782140ebb034680d66c34f9.png,
0b4368bb5b6a7efb70cf56e825880e28deaa27f1.png,
0b6386be38d80f80e9d7bf91f7a41bf42653638c.png,
0bb7d1072a6a7d4e72d1a67c945c2af1753980a6.png,
0bd452b5a44c6b0ef3d7d12a10d4fdcd99375032.png,
0bd8198cb0df6c2e555dadfcce248fde3e612e9d.png,
0be53d708c28f95190fb57d69e57dd3b2a7850cc.png,
0c141294bc4dcc74da1b25034c52c7d206f4f29b.png,
0c6be1ffab9f2c889944c74f53a98643dd7d5403.png,
0caf9bec40c5b1428c590ab64da2cd9a580eb371.png,
0cbe6dfbacd5e293584014210ea1ea62f726e811.png,
0d3dfca9ea42a8eed55b14d8e3215911d7f306f4.png,
0d4de60a7e6b7365223efbe04f1b6ae353a5b547.png,
0d4faf606fb005b3a2e20cf0cfd1c4e0ff0da7e6.png,
0d5b9324d43b248dd5e6166c34bde90eb3dccb0c.png,
0d685191b63f72799f0c4a82d283ba686b44b9de.png,
0d7fc05f8c5c57edc85ce4e7afce2dc5a397a170.png,
0d807a8772b0b9465bc6872680dcc9b6826d248a.png,
0d9a32cf748c6fa27dd052e8c56d30edf49896fb.png,
0dc653daeea47ee0a393f83456dc0d46a08edf02.png,
0dcedb3298ffb3c80b5d2d0ac2987d378303d49c.png,
0ddd08e79616af70551f46e668b30d43f9ffbc08.png,
0de9f1fd9764942f6712c1fab5c613a064a72f03.png,
0dfde9221f5080472cef79e0f5e65328b2118f82.png,
0e11b6bdbde87acd70accabc060159b5f9c3cef2.png,
0e1b23d087e50c4606884d95a4403a2fd635108d.png,
0e1d03879c4677674bf273402c5b0ea1915a4198.png,
0e456e64e8faa4fb738ebf8d6921f75a6293c80f.png,
0e684891ccbbf7d8fc676ce35d8915aef0d192e3.png,
0e6ee27516bdb6b7cc08d63c480bca19044f30b3.png,
0e987cbc14824c1ff9fe823469b2ff621033f1cb.png,
0e9e253767f484e5f67bae462b693ae37d4d0619.png,
0eaf42054b1dfee13631ebc9d8e10a7570d77f05.png,
0ede46e8c86075fdd5ad10457fd841d6276fb152.png,
0ef66fd3bf1dc49a88ac05130e8bef09303a89bf.png,
0f008406fc0f3217016097091d4cd6380b407c86.png,
0f2957d088da5b856377bf46340b137311babd27.png,
0f30d770b4f042a7afb2dcdda6f9ebaa8d0c5c3d.png,
0f470b0649a409e1ec1fcfb12b2fa9c7d8ee461c.png,
0f485236ef15b899364eff5907cbe643e62834fb.png,
0f4881f594c907afa4c2ef0fab72196a236d6012.png,
0f8d2b7f81c66740da995a08036966162c0f7145.png,
0fa2ed690bbe54e1fc89ba7a9ce7c80dfcb56f7b.png,
0fadd5317eb463d9e3a04dc1f7af0434bca3800a.png,
0fb60671b6232866c459f543426184844e2d73ce.png,
0fc1f42eaa9ec6ecd9a8cd7385863d1a97256e2a.png,
0fc2b49f10eab05e86a0997638e3332a383e24f5.png,
0fc6d4850654a69f41ec409e05a0566f0721d922.png,
0fe6b412b0d82567811b72a981badc5dd7aebec4.png,
0ff96bf2825455b2659eec45fce478c69ad5f8cc.png,
1044aa853a549d30bde10c6be56a72f89aa5b1e5.png,
1055788dcad14ceea3b60ab99bf8f6c1960cfc54.png,
10ad575f36596642a1521804ba10493c1447ba07.png,
1103e927e9d4ac87685922821185bb2b17ce5487.png,
11784b0b772c47b82253d55116797fe05c1e44d6.png,
118620762373b075666eed2290dcaef12093e454.png,
119e88e4f7d4d2ecbc1db70dfd73fbabe28c1683.png,
119f502300db4b5c2a25544466879c26f08d112f.png,
11c49980ce8e40396e7a4cb292b3f96d0425a2d5.png,
11d513939567cf0dd5ac5291391b2cc6176dd2c0.png,
1200639c91711dadc7fafb134a13097f0a1a0e6b.png,
1251c31fa4f1da7b706d9321b2e4f89047635358.png,
12581e2445baf8ecdf2ceb9a8d5230591139b12f.png,
126aaf8edf4e92b17ffddbed54c52bc4cd75dca1.png,
126e0033056891de3b5b92efbf0d9ab3f4cfe690.png,
12b80682da0e73d1d7bff033901532e4f1eee07a.png,
12baaba05105fb09812a99d688122cf8add893f1.png,
12e64cb45a43a43956fa8fa5adb7d05c6d2ff942.png,
12f4991b6458c3c21c88748a4bd4f7ace1299837.png,
1301229fc2744f7d79d35bf6358f97bb45b161dd.png,
131d1baa03cfb473b04ddb46d13bed92dcf0292f.png,
1321cd74fa4df43fa5a32b485d3241e10a8422a5.png,
135d96694c023f3732930bf145c8880336d345eb.png,
13634737fd231dfacb52e0bda6a08dec3e6dd25f.png,
1377fc8dd3e6dcda5daf5f9ebbf0c0a95e929525.png,
13f0e4994d0667852897c72404ee3ea9736355ce.png,
141c01ae45ee9b167726513dd721769ec8afcec0.png,
143bedebe24d46c2823a731242fe4314a9bd30e3.png,
1449739707128fb1eca88c4016bb0815618c6393.png,
14a2055938bbb7cc0ca57c23e65ce3f843f09a75.png,
14af0064ac0e62bc88982645d352750c50459c27.png,
14be952fefa6fdc83b9fe8128c5a876bd3327e4e.png,
14d9a26126a3e54fea4cf2d9501d3dba052df678.png,
14f1b2af39b237427d5aa78bdd67f9c8c4a296a6.png,
1518cd1843053ddb50f1355f401e4cbbef51e194.png,
15514a2a0601c580d6b3018c22aba5404a11705f.png,
1575784ac4c426fcae1b0e33003f7cd40b2bb4ee.png,
1584e1203104d8078b139f89ffe8a34ea6a49b33.png,
15c724093165e792454d3edf9d95cba41e3452ef.png,
15d83b86cec3b6f8999ae690d2130cbf6cf7d605.png,
161f2677f3a8946115b1c0fe6b5ccdbd13a53630.png,
164a45bebb5e13f168dbb91f2626d60adfdc0d2e.png,
16727d3523f663e7823d1e06963dfd426920c45b.png,
168a4922ae6126a0172f0896f0d7063c7f6a416e.png,
168b55c8ffc12e8dc4aa1f20aa0cfd69e73681ed.png,
16c9e5e7b21180a75c8e777ba7ca5cdcb46cdef4.png,
16e2f33f982cc3b76a18f7cd30e672e7d2cb9711.png,
16e9d83e015464d757a9f88b55035378a3172de7.png,
16f9b8592d5ca3566235743d3600b656a8735563.png,
1704644bb668719f64b07595b436cae9a81a06e2.png,
1706d2a0f4c13fbe7aa948caa75c61cdec4aa622.png,
17475c57e75a412b6db40ab0e2f50a57ff073452.png,
17a1c199ddae6be85585d84f7af730e05bb3ddd1.png,
17b66e00ca1f0bdcb1cf2034d3d8abed99eb263d.png,
17b69b0639878ea12a7760a5c0e7eba1d617e1a6.png,
17bce25c710b252743715a01d1c2574fd308cc7f.png,
17c04b6b49d25d0ef80b297b193fe6a2fabc4096.png,
17cc7c4c7f1f9f9c5fdf813600f386ea274e9576.png,
180dd2496537ad065f5f3c2a059c8a5aa90e806f.png,
1822edf4c775315ddf88cb1b6a1e160dae483e80.png,
182789b13da4ce6c44c1ad6959119a5cbdb4ee1b.png,
183022b22eb1513e1409c14780d07db7b712e328.png,
1848bb780bf462ab355ac1e7c3951a3fbbad9283.png,
1872026f82fa9ca8f6e2a58e30dcf360b905c931.png,
18846dd178955bb1e5e92a0f2208bcc5f8b83ece.png,
189639fa2cccdfe7426af2127e4e77f3e457fadc.png,
18b2fd85fe0d62de95750c699a6b8e38295da000.png,
18bb72ac4cebec6e6f54e2582f5ca003fdada97a.png,
18e5b64e0b6f368f88fdb00c613107b7e697c810.png,
18e64754f444fc9ea4f44e185b771c6d32d542b9.png,
18e81d4a4f9a7a87c9ed416e622289c52495cd99.png,
18f6f52f81207abd7669e27f1cd50e6d940f4e1f.png,
1905290c77fb6d1609747608636bdfb69012e4f2.png,
191c290d475aeacd5faf21eec3343a360102cea7.png,
191df5e909595ac579fc3dd84f7d372ac7bc0095.png,
191f18f2b42482d6e6770d1b7d26f5d7178bc82a.png,
19237ef25823530d445c9fd4b2a224fc2a273142.png,
1935df1291c4c78e1e6281e2bb857b25ed0bcdc3.png,
1955dbc69316e2a123357f94b59938279953a6f5.png,
195ea3327b4fa1ea8899594756dfd423ff1cbc67.png,
19faef70504493469d62b47ff09c219d3cf506d5.png,
19fc8d1dfd8431d9ac80176e6339815428cd67d9.png,
1a36027e1d016f2b0fb6f31371b93f20b15f09e6.png,
1a55aa2a72668743755636bf6dcc18623b7e02c4.png,
1a623ab46514a45cf99f7a890f3b680f2d82a5cc.png,
1a7162b0d3cd815c841a4d74a17551cd53fbc976.png,
1a829d36cbf837b45446e3654c3ee857eabfd991.png,
1a957d663a92689f2399596fd47927bd16a42967.png,
1aaa01c0276d717191c43fa97f567201d4b1fcb0.png,
1aabf5a070b38898f62bf8ca3f5cd15eff5bc0a3.png,
1ac646c628caf86379011172be88f0988ec9bf41.png,
1ad3e81936649acbe88d45907f74e29d051d055b.png,
1ad7d4dfc8f5139a53eebb4079e8efb286b85552.png,
1b24e71834fc6cb4e158b2e8600258cd27a26561.png,
1b286e3e5bc8b9e3fc6c91e9817adb64070bd53e.png,
1b2ca4cbc1e6c33c417c230ad61f3560a5a2b1b2.png,
1b6fa865ff11fd01bcb55cd5d6a6ef8e2c170d23.png,
1b9787bc8a0f776c999c7ec950d38887bf8f7d54.png,
1bcf7074880ffa7c065120c9fd76371e8891818e.png,
1be9ad379ea59a9ac652c891ce5c22a2d490ff76.png,
1c2e8e95b4d3ccc2eea852e08d8d0391c8903550.png,
1caf5e7ec394bcf76453f7791cede488cd0b18f1.png,
1cc0d5137abc2b2ecf8c3d557003b3ccae1fd462.png,
1d5f9fc5c2be36cf5321065035075b764e10b9e9.png,
1d66c46165f3e870f773d996d4aa5a611064da7f.png,
1d747aa520e5bfb683da337122201cb4cc98d350.png,
1dac8a59372eb922fc3e6d6d856df185a0f3315a.png,
1df295663961be56d8ecaf82cdfb29058c43580d.png,
1e0c12bb580d0aae05762ae96aedc5c009bb06ce.png,
1e15eb13bf42b3aa129689aac3c38b15042c7134.png,
1e176875f1798202669bbb94b4596acc601bdea6.png,
1e3bb40a91b3470230d9da7a0bca3059cc798723.png,
1e5985d5b6108b8680b06e3a296ca578884adb94.png,
1e62be175042fd68bf3c317db7aafe8d497258a0.png,
1e817ac3ef64c7d5d299dde43a70d3005734a3b0.png,
1e927ff2956605bfbdd70f9f33e8a36f35cc517f.png,
1ec78b190973744e59114169c0372b550b15c91e.png,
1ec868c42ff540dadddc2d0d403100640131cd07.png,
1ed77140416eb5ff5d534fe15f23cf5ffc51a8d5.png,
1ef4294cd9d549917fbe869ce908c1ac8e31ef43.png,
1f1eee7e49c538cfcc8f2c915d5730d388323b2c.png,
1f3cd4363c651fd1f25aa2f55063572a182f3f4a.png,
1f3dfc4c0ea806c44decfa98d1fc877ef8b5ec44.png,
1f3e270c4d0988956da20090163e4c0ac7a21d54.png,
1f5fe2a57bd864281511a6d5522442ae9a349bf5.png,
1f61309c8690f1fe486182506b2926ad9b7ae441.png,
1f700c72c275cc2516264f245178ca35d68118ba.png,
1f74456896bf39076d08194d7a9509c7234f2306.png,
1f957bb65a0ace0f6a4bbb546109a0efc4e242d0.png,
1fa2eb831ceb95ff3f6effa30a6245c922b73323.png,
1fa3ca920de69d3855195ae7db8ae5fea22a2324.png,
1fca1aebf90deb229564fd377814164b53e9aa1c.png,
1fcfbac7523864ceb8dcf91e82dcbb91071bd495.png,
2030d8bff80e0c7f5b5ca6a069716ce80e868464.png,
2046c38dc4c374f29ce6272a64fb60fdb6d95af5.png,
205acb4b361c0f087c118fd2b431083141d83656.png,
206ba55377bee2835439c1ff5e26b115df285c54.png,
20836f2399e31d2d70b5ca650136e9099838827c.png,
20beaef63237642e9a3b225152254828055c4b25.png,
20ea00c13f3704fa14c3a327274279bbfb4f97c7.png,
212ca92809b60e0c5af11582fbd3acdb75f7b2e8.png,
21340c1bb15785e5f570ce22d90f67daf0da5358.png,
214865699067c66d8657f9b623d6d854f8312dff.png,
214a196113001896c2266bb5784df6f7ecbfc0cb.png,
21633632c092d56ce0f14c61bf8abcb08ea07f0b.png,
218425d4189de8cfc2fad3c66b77a3c4bb0ad331.png,
21b6d1d6eedd63b9c0122501f277b01de827c0ad.png,
220287aea016a31b3d7f5b5b0c106a257587aa34.png,
221aa9f5973bc568909dd9a586f661ebfc8ed51a.png,
2223340c226ac2f47818e317b8cbbe5187dc2f07.png,
22393d654cb06a9e2380d35a77a86dd76391453d.png,
2248455747402925112d0d93d0dc904d9efdfa44.png,
22d3b7980aabd6c80cdcc15353f2c70272c5c4ea.png,
22ef2e8aedfbe2643ba8b077957ce38837f82488.png,
22f30c009658483cfe6838d8da3a11a1ecd43f24.png,
23464c25e3c1c6c16fd1ec6012678fa3d336c53d.png,
235c3fc6dce4c53525b0419fdefffc5898568565.png,
23aeb13826b5b8f2f0b8fd54e9c47f47c4e6cbd8.png,
23bd025c846102addd2c851226b5d1ce99a8eb74.png,
23e5bec490e44b6bc4dd60076d9243e3799a8ff7.png,
2415a677925ed5fa6d306a3822a0faab988c24d3.png,
241a9fb27388cdd1800c9591b280e2a04e37776f.png,
2477fec08756482678ef08f840dc7add20a9262c.png,
247b02fc4122eed281d37f94d01b7193936d0d93.png,
247d87acb13f6c36a2636f8f0230400887a8ca74.png,
24abff524e0b958ef951be9a5d0901304ba8d041.png,
24d4e23287d0bcdda325cf74bacff6427aa011e2.png,
24e6d939bb13d4fa3b7711eb227670f5b206a407.png,
24fa30736dcbf4e7e55477da4417be03ee4300e8.png,
253a51b287267d70a2003f9f3874080caea4c185.png,
253e94a192ddeb6e93d3dc74b920ac07e7ee96dc.png,
254212d66cfb3b0d56eb850ef06420f70672216f.png,
259e9f78d8ea57dc9a5232248e331c0cf4196188.png,
25be57e49a4411918d062dc492b7f902f1f36169.png,
25d2ba5f9fc47a3cdf93bbe0748890b81b195645.png,
25e7e7a672f893e55e91a03a56517b2ae9939188.png,
25fdf9dfe80322e1b8235dc3f88de1ea95d32ec6.png,
261ba50edfece294f504ff8e56c5fcaf5e0df1ae.png,
263979a5325be5f5d368e0436a2913f7ab2c9be1.png,
2688eaf0ecc4df13eb6159a0a55b43910da7a5d4.png,
272fdbb7304dfc4050512acbc60791b8b2d86457.png,
27ba8f0a58c6168e30b11e2e9a2361360730ad79.png,
27c71182619ca3e432aa6f25af6e261900c31592.png,
27d98f786b655f6bc0119e44f74ea76638a33194.png,
27e51b01b8bbc23ff68c740814f74cb3f842c227.png,
27f979e16881fe5e445dabbd6df7d614c8cc7306.png,
2808b3cd21abc8c4ccbc1f395ac9f040803a1e04.png,
28286674f226e8a901652de41f9f19aa9c19ae60.png,
284c2d943d90493cbf1f4590f6969a8b863764aa.png,
2852afb9272da209f1fae742f61dd6b7e1221d29.png,
285a7ff0127a47c8c3378cba0fb8c3d6d94f37b3.png,
289061032e99816b1cb6d6cacb409219826baf19.png,
28b579ca6e8345dbd8694b3ef943419cc94e4a64.png,
28be3547adc170caf8c8d9e13869d3ece81ca7dd.png,
28ccf2c90a487aaaa5ec3e4577f75aa5aa273b6d.png,
28d1b200e5ccc7c1dbc44b35d0dbc83201c43eb6.png,
28ec0cbaf97192078e9d9c5cb8f53d162e0d1972.png,
2906a24ecae8eac7fa9c1ca7bc3b5972c1a824cc.png,
29112fcd16fdbe50282b97153eea6bd131ef438a.png,
291c1946be7caa1374150d7c023991aa008335a7.png,
2957975d54c73c1520a8031336a35b8102240652.png,
295bf7b74c57bed80413a5af3fc60a55fcca79e6.png,
295f73ebb1c21b2b1d342ca95e7852400528f88c.png,
298000e87072fcfd18006a18c31c3de9935c2569.png,
29a901e362892f1ffa23ebff48096cf3923a5fea.png,
29ae7317732c4f1cdcbc0ff5e12c14d43ea20140.png,
29c8e027b7de289c042cd66f0e1d380301687105.png,
29e275eee18065d9232489c650eddfd5136c7b4d.png,
2a7ccc1924ca405bfc90a2280dec8fa9bf69caa9.png,
2a7f1bb7dea722b7ff1a634c50b8663ff6ba2b82.png,
2a958cd255caf88530f184012ea0290561e4b7ae.png,
2a99337c6f5cfcc5f86fb1a530297b31ed2b6c3b.png,
2aaec39911ed804eff6fa21de04b756afa8f5e66.png,
2afef6bd9382752c04460e52586427a44f7e9967.png,
2b091d183d6655212269435a2217b146a3b1cf90.png,
2b3407ba21972cd146a0cb42b56d969a031e769b.png,
2b49256f510f92e754226df71633df232863212c.png,
2b54a85334ca191cf38bddfa041f520315242295.png,
2b6154a0fe8c0dc98d855e17fcbd3b6bbe8a3252.png,
2ba21d22069ff29c8baaf3107796f80206b56a19.png,
2ba545e04379b7e46260f45a0cd0018e7efca6a2.png,
2bb32332210397b487762813c5eff2e41b381577.png,
2bcf2134d1e309445eaf5b29e14f5cc3bf656535.png,
2bd327153148ad8d77164543d19fbca40a82649e.png,
2be2a03fb29728a9b49f876a7e6ba10f152afeb8.png,
2bff4877ac39152b3bb790b4333be9592ce4d0e6.png,
2c00fa0bd001e31172f65b779ea495f7acae3ef8.png,
2c3ff3f1d1e6c05f921387bbd143c2be70201787.png,
2cd59caade06a748631f84ae0f17dd8467d1c379.png,
2d0b7188f81114836923b3cba9ff80362d2bcd9f.png,
2d0b7530fc048d68f105b99794486e4c43e3e6f9.png,
2d22aff407b3e47ff29c1c4c6b9915c1a219678f.png,
2d2e5224a94b7a690e99ab6f48f532ae6b442115.png,
2d31a57139a289b43f801e4edf4a395d9bb0fe17.png,
2d46fc977ce4d00b72c1cc924c1587ec47c20282.png,
2d6e2e7f327e3358ea591cdf58d54915b98412e7.png,
2da6871378332fa5699d5565df88b2c7628d7b60.png,
2dd78aeac780cb8784e25181e1092f731596f49a.png,
2ddc73b20d245515f42eb32fce3faca95ae63116.png,
2dec77ecab7a354ee1f6001d70932e56cb2f2048.png,
2e2f6e99ad14ba711d8b328d94f262c42b12c0b2.png,
2e2ffcd0a0661523a432e0d85d743c5e69d2d722.png,
2e5660028d8227be9a5eabb61d0be77a1ccfbb03.png,
2ee5fe14154ca5bbdf4b64c0a90bbc67bf33c8b7.png,
2ef88a734cfd384d0ac1758fd91fcdc28bb619b3.png,
2f0f96003d5d5644ded12437daa5a6344fee1233.png,
2f377511e27e043f0add7c49cb67e144c96e74bd.png,
2f487e5f99362a06bffa8ad548e39cb196f31c82.png,
2f6413f46acd0134ae6e9c64d5394938be3d2c3c.png,
2f7a828bfc27c976632b819bb2ede2335beec920.png,
2f7a8f8f745d77bfafc3a8fa620bfe34570f109d.png,
2f855adbadb5329fd0a3b9842b00f47e61ebe17f.png,
2f9f46804260a849e868d9c5fb0ef19bbe889589.png,
2fa5179fa8e18b0ba9b218bb8cd01dfd09049a63.png,
304105b60b3da49a2a7db75d32bc9bdfda9fde45.png,
304f1d0b82618cab88139872c20a71aeb136eb25.png,
305b6142768d0f729a8b1ad18aa41befb81b763a.png,
306bf7e33fbf5bd07579454c2b22a4353a997227.png,
30ac089bff737ca87c69594ed4a75c60709202f7.png,
30b0daa81b52d60d2b85adc1e7cf7fc055131fe7.png,
30ee9ef0f8dbb3a483588397d2b94411c3216053.png,
3105635191adc945aeb06ccf0f7131dcfd5ce22b.png,
315030aaf09229da029447b42dea417666dd98f4.png,
315dc547f293c0c9441c240a988c8124bca3fad0.png,
3176b32f1a38a5c36c0473f781c222c14210fcd6.png,
3181d9240e6371067c4377087241949f589e0048.png,
31c4dba28a5db4b645b58d27aed596fb8006a2cc.png,
31de554ac9a4cd8d54aa01013d80a68a1b2fae8f.png,
3201c1499e6ca2d76149820e34f098f7fa4a938f.png,
3207607236dbc914c8f32b590760bcbecb8a7f5e.png,
32671c7ef031e97da66b59ae0d68058485f46c66.png,
326c1dc20f971a3b7d848a945b979c3d5f958919.png,
327fb9f36ac0c32aca34c1fbd5de76c89224e7a0.png,
32ca5c2f52ff5ba4781307c9133ff04c6909286f.png,
32cc0d508b33af3c191582dfeabb233007e959ca.png,
33320a03781ae538141078bfff11cbe48529d68c.png,
333f1aabe9193b3d60f652d0d7e87a1df252dcd3.png,
334a090a859b4f75b6fdc4df99a683de322d415e.png,
3351281f1e50813f7a2eaf85765567da93766966.png,
33a56a5ce3079e84a90c641664e6d5025cb1ac06.png,
33a8ceb95364558d80c87f0fe2e9031d64437266.png,
33b516696db980c54c549071cd37a0af3e6d62bb.png,
33d46a2347cdfd1d15d4bb6a8aa3220c96e88af0.png,
33dc4260b7ed5b17315d074c6343907070bb1e49.png,
34455dc9028da96d1515108153fbc571bbcd8921.png,
346ceb84f55ef44ab5d95543b7cd14b632074005.png,
348ac4b5ffbe862dd9ab90f63707593344c28e39.png,
34a54c5e51b571ae431bb66368f1a7a25562a49a.png,
34a58bf85d55a1c4818fd841aecd898ae20bee68.png,
34ad78487d6e5c95a6da9d5a9b41f1698b29164a.png,
34cf873ef3c47673865b0141434a8f953dbf76b7.png,
3514218f5405f5b2cb46669676c23e2c26effcfb.png,
351ee794f53d262fdc20b94fc727e6ab45ffb8e6.png,
3532851ee4d5ea3d484ce8b1874e8ac312314dff.png,
353a4c79e33a49cf2a17fe2de5ddb4b923b194ab.png,
3547da7f87db125d76b207867cc955e6be778378.png,
354c573492c95e560a726a895485886cf68b3d25.png,
3569372d232da37df8eab4c4ce1bf37062757af2.png,
357f7343c51d9d3135fae9223c6a76a841a61487.png,
358554db867f36695529d62ff3fe323aa493ae71.png,
35858dc8564939efe9595cc365ba2febdb36e5a2.png,
35d746ac71141bfdef0f1f7d52c8c376203458dc.png,
35f1e599be046c2c345790c4f6f87e0a2bc9bdde.png,
36328996d69ba210ff78c6ab2af71ad7a4a23e48.png,
365038e6ddbd7abf283a45dd8b068bbe66553952.png,
36626cbe70d51cb8030bf5775fd5c740720adaea.png,
3682e367473abdca8919893caa3500966fae6aed.png,
36a5b92374e1dd02a04aed0ff2f65eab3b10123f.png,
36b442c208b95ce41eda9db1a05e86d51953f7d4.png,
36b606a2c03a1ea54c144e93c56aec226db80a17.png,
36eb34326716bac51d0aaf0c3b674a5efb3694f2.png,
370ab41ca08a7e75abd9d2af9ed602fab3667dd6.png,
371d56d26bf2015fb33df96dc39547ff84fca9aa.png,
372eaae348501390dcd31e2bfcaa7abea10486f9.png,
3733bda1c4ffc332ec8ffaeaa4c1246553971aa7.png,
3764b0b703fdf59e5bc5cd5e510be68288cca119.png,
377ccfe829c503e4f6b7dbc01a4a12ca99724eab.png,
37893409e7e41866541bf46ecfa8ac0802743a69.png,
37a2ce780a4e6594833135ff253bd973f363b871.png,
37e46a28adffdff56cb34ec8068c507cf10684b1.png,
37e598dbd2e293ff9c289ef899b01be43902db18.png,
38814c5f54828b924f29019fc5362532032a6ec2.png,
3886d5ecab83c2e88e9ec60850a8b80569033d21.png,
38a9b682601d08ddcb7f37cc75e0269c8a1927d3.png,
38b6aeba4379e9e0a3ccf1baf572a6e05ed86aa2.png,
38bd6a98a95ce34125804cbef941556244643d6c.png,
38d5b663f94864611e4f51cc7ba10353690ffd1d.png,
38df66890926ed6ecd7ae01cca97bbcedd48be60.png,
392c2ab873f9be1221a99d20bfa24bf931a3ac17.png,
393f49ba2b507b6927ca273b86964eb90ff3e958.png,
3968f25b1164f07cc3c4f111895b2725353108d6.png,
3969a3f205d7435347fe20f94f4bc1cbbd336a9d.png,
39856f46665187aad538fd992ca1a4c7378389ac.png,
3985a17d0e3ccb04906b6963f33b07543a54aa9f.png,
39981305e06fe0c8076f925040066342f5f1e808.png,
39c437fb7984b11a487609a06afad7a6e2a9b4cb.png,
39c62089a63bd2566c1ebafdb418da28c00cd477.png,
39f956813be97b1a96edebe38d40123355c3471b.png,
3a087e6ece9d58875cfe56710c7ee46774da76ab.png,
3a596dfbbc341b88f93b6f75f1e365ca3ae3ee24.png,
3a686415407a83323da85cb18ba7c868cf777946.png,
3a78d9e7f4315c4d4f140bd33845ecadc3c4d116.png,
3a86a37c6465fc28382442fe60c4299e37d110f8.png,
3aa59ef794ea2345fe17acd39fd4db8df740df17.png,
3aa69186c49c20e722ef956dc8cc68656bac2a8e.png,
3ac4034b4f07782c1609a70965c7e9f0262575ab.png,
3b163c8d428df1998184fc5eff159fbfc8afa27c.png,
3b26d300ce60addb98f39a4028e38ddeb0e065a6.png,
3b908dc99ca09be3fe738a4ff01356076cac20b1.png,
3b99a394b3b3a3e7b324c78f958bac59924aa82a.png,
3bed0020942342e30adb3f758649cd6456bd8596.png,
3c0e7fbd2ba253f655b1781473a4c9724defec2a.png,
3c223264a309f0325f134689740931b8df795c16.png,
3c6a0aa482ef3615350badf044f74c44eac8765f.png,
3c8a770c7334c9dbfddd229f38ec8f2b79824fdc.png,
3c9453acb461eff0a7c37d83c961b7d707894ece.png,
3cc9e9d2f9ae09512d1719f57611bb1514ae6198.png,
3d1b6c7cd6a39c37ecd7532418736390be56f769.png,
3d2b767e32dcf8074b053bc9d38816b5bfd035cc.png,
3d8a4004f293d8114403559494e526bc2f87fb93.png,
3d8e953078286c89a130f88f6f4757ea25c0d029.png,
3d984cea184ff2dc81f5fd8a4b8273e01ac375cd.png,
3da3a931a280ae683efe77f23da11a9fc1022cd2.png,
3dbfcf6fd2c8a4f6652139aed4ee66a995f8b683.png,
3dcb8228c7c66e3a271b441d65a8c0702249781c.png,
3df3ac936f0d7ebd84289f775aaf4fd7b21d24a9.png,
3dfe232da195b57cbcbbcbec2ba12948582946b9.png,
3e020b086d6163168fdef71a697528ba3a029279.png,
3e100c057a533486f57bafaf85d96b14e4b68fa0.png,
3e1f5ee010ae801675e02df991d2c4898f1e33e3.png,
3e5193d2459f1e6cbb25ae8e536e645fc9c43880.png,
3e6ffba736a2781e69a8172d3dc6724b28b488c1.png,
3e79de9dd054b8b88bd5e425bc6c42ee38c93d7a.png,
3e7cc96b0834a8d453876527baa18e724ee4b2b9.png,
3e90fde6aa1dc285acc41d0c36472771a8877841.png,
3eb8c3f6138d9ef73c62f04bfd8b1e39212ec888.png,
3ec0e56cde3dd87a27f19081b4d48b1346d79738.png,
3ec87d4bfc8318e10d3e2d6d985a072094ec9c1d.png,
3ee70e73fdd33e983da89a9fe0a8df6ca1ed0474.png,
3f0a7466bfe8d6c9d333fefc090fb28acddd0217.png,
3f68b7378aea305d9a2ed8b280a091018e1bc40f.png,
3f6cd9224f8a134cb5ec923cd7a03be6a8544ec4.png,
3f99e3f0d0e19dfd5137576dcfaf91d7ed793543.png,
3fa3e61160b89a24c279bac1f77a7def7a344b03.png,
3fa444a45274c0f1bae1e9f78439e06b5109b84f.png,
3fcd11ec734ee5a448b6920be4108bab8edfd578.png,
3fcf139e79c2ae437b00a536bb2978ed76155d15.png,
3fd4f13f5b07af1351ef73c52bef105aa18fa857.png,
3fd77e538b7ed809d4f21ed1d4aa602fc564ead5.png,
403d7842ca851514ea28bf50362aa4fa2554d028.png,
403e92d161ccc1f8d3dc6408e66e206d4e171016.png,
405978e58475ea270a98a0b34a1a5bcda0b4fa39.png,
407c0b532678f952933ea185f516a74d01968d18.png,
408df0f018491a08f7e58c1cc7df1b09b98ec987.png,
40b0a8631a3c9383a596931a953bb67ee81aae8e.png,
40b63582f2e067003f2e171e00794ab80868a188.png,
4112c6557ff59c6fa4b6acf9b65296190f7d4129.png,
41371d6c0298b1510f53d5683b391b52fc904c37.png,
41540a1ab8100a13d44a42bdf057849f53d1b4a1.png,
419ceca0c2da02f9dbe6654f9052e0d37a1e5eef.png,
41b1efc940074239812898587966a53a07dd9fb2.png,
41b22052a3285036d91f6a8d13c8997b39dbdadb.png,
41cb72061b699bf2ef505c9cf21b8d3965d5145f.png,
41ea9847fe38fc850470f477d6e0b476f3a25a84.png,
420ec0ccedc129bb278a98ec37d1a683e119c464.png,
424b2581c220ba1a9dd5c02a99a135e07a8e0761.png,
424bc2e12babf4322280bda40484c05c53f9f5e8.png,
42b38db6e2e01c6fe5f6393aae72c53801f7a7e2.png,
42bb09a3b22b93aac6a6c5ddd7dd46d1e98ce7aa.png,
42c77d70d738880d19963dce964c7b48bbea41f7.png,
42f25025592cb2cf79b7b02e05a9d048ef5b1269.png,
43011de39579e1076bd79f674a841d022e434b89.png,
4341a677fb557989add71bc8d5604ad7670366d6.png,
4349de7090c45729fd5d7095bb6dad86cf42e205.png,
43753b6a3d0693fcded70cc0d8adca3985749c60.png,
43a6142b9e706473eb3e7748c33b8b85cf12bc7a.png,
441514b0bd61d73553f3bf40f81ea9e65d0bcdde.png,
4433124c9d685fe97419ba49e5a47df8a0e2dee7.png,
443ac3c6cc59a6b3a330e2dad59ec7e61cdaf877.png,
44477374fb0d1a65089ab987350b2f69ab7ad6bd.png,
445375600994971371756c3980b57cdad0cfe21e.png,
4468d0b79f8a113fb43e0efd75cc87afca650a2f.png,
4498bb87211f6b34aa1ef5c35d611c5902174a4f.png,
449bb2e2f6297d0600aa63f12c5462b99ce44f90.png,
449c965a7901071ebdef55bac5ea02b507110f98.png,
44a8da2b79e304f1d2a369e0d4dd73deb56bab17.png,
44b9122d5c9a7ed0533eed1349a0bf29e3b0f23d.png,
44c52f1676bd8762f8557a7de04bb137575e5303.png,
44f7e0cfc767637edd37f965fcbe5d3a9a76e337.png,
450c5a05f4bf82640f6188237d902154bb580df2.png,
452212c62b4052fe98e38b874a36c2774897a772.png,
453a89f842e6eb20d78aeda8a7abda8179c92cff.png,
45400951beb0c8880988400e6c2b84c92b1bbdd8.png,
4552159817f3228592978495d3e9a5161fa9cc16.png,
4554c96ef853ec0ea88db1a885be1f1c2e0efe56.png,
456c58b7a8ce1cbed95966ffb7b9fec465e2d641.png,
4597848240b079b020dd2f0230bf79c52a642d0e.png,
45a873e742339c593a6e9a399ba3d9714d90eb5d.png,
45ac8f2d5b2389e110f589048735f0d8a29a1aae.png,
45d99612ec57447de929e9e10686aa626b23858e.png,
45dfd11f9a21acaf33e169e9fffe284894a3be70.png,
45f29b67e783b00f9339b039debedc543fa764f4.png,
46159310a0dfe8eb6fcc78defb0d8db031d59707.png,
463f6413ebc14fd39d0cfb2eedbeb67ca68759b5.png,
464168af92e7edf39146649c8fbd97fd96ae5ffd.png,
466e2b20ee611981256f4f39105af6dab53435e3.png,
469b28a43d9f1c81e6db13a0fe141df0cc7e8b27.png,
46b5f54a640fb420e0a9ae006a4424965f9eed52.png,
46daad8f81240f927cd7e01f7652442e2483e2ef.png,
46fe3bdf7018fda52aefa6129319e5fe936c4a4a.png,
4776ac2bc0422ad7cc25035d4ff93a5e6eec37ec.png,
4799b57c18b99a3dc71783aaee542efecc4f963b.png,
47b76ab12b1f6f3cdcecd4dbc141c0cd8c6e98c9.png,
47c5089176334e54a0b1c4aed3306565b8a06caf.png,
47dd358f4c4dd31d745464a3af2568af95a2d29a.png,
47e1c149754021c3f3a25710519f2d16f742897d.png,
47e289c93d1ee51f0c4aa56bd169e7777f7b9afc.png,
47e5486c2f1b09f128c12dbb6116895ed4a88e13.png,
47f2cf5a0c243c6b1f47f1a3df06d6286d3f5c08.png,
481b8c88b9b4d532495cba0b8377d78c0b971f1a.png,
4833151c81dbaf00ca10f7a17aa51ba68b244f1f.png,
48637df926fca4078c0ac2fbfe406f6abe322550.png,
489636be9c3db72f59a268c82172c3fb44a9fab0.png,
489a0e3eb728c6173cd2c0d1fcd71e4fd383ef16.png,
48ab37fe3c119b8f715cd3bb81896a8759d47c5e.png,
48ac302bee3fc8097031531c2f90f8890306ee94.png,
48e860966c7fb8261375420ed1c7e84c12489731.png,
492b4f9e7922f8fc13d5987829e13ef1a348e2e0.png,
4954d8bb7ab340329f79ef2de45654f53fe85df6.png,
496921a3ae3caaeb525943b041000a47e54050f3.png,
498587aa6af212fe711ed8c82a02ca582699d20e.png,
499431180b5742ebd992ecad52d4fbf5fd331c50.png,
49a40a82a093f81d35e3b8c8be6f7aa7effe417f.png,
49a9da47d86c2ee22e9d1e9bb9f52e301c9c5711.png,
49b6f4c0668b413e49836ca7a631b414bd2cfe94.png,
49bd96b53bfb6d9b096bfdb76204f6f57d66260f.png,
49eaa5d25f72a17226eb96f3c3f4d9bfd591e604.png,
49f67cb8056de91ec9972ea544cb07c52994d736.png,
4a7205b9e53885a8dfb5eb4e4d2270ca9e1d26df.png,
4a9cf5cd8f504aca17dfda94f6c4b101814661b8.png,
4aa972dc32e6e6a78f8d2637f96c4f54ad7c3077.png,
4aaec784898e31aa3928c4824f01cd763f980bf4.png,
4ae41191737eb85dad3406dfbf664a796e9a7a88.png,
4af0fc74fb6b6e57389372c1883236139c67f486.png,
4afad8d6acdba8048903b4b34fc72b397f7fa618.png,
4b5690f9eefafcdf7535c8693e64f0c609c05572.png,
4b63d4787cf5f20a0e23bae50f83caeb3cbbda7b.png,
4b9414a8f02abc6111262717ff7b495b91ec70f2.png,
4c0f5416df5dcd4f66574bba8eb909a9adf9194d.png,
4c5764b64c74ae8fcd79d09305d3779c410c4a2b.png,
4c9becbd832a2a74f99baef3376caaf5b495f45b.png,
4cbdd8df9db839fa1f35169df22498a2287ee44b.png,
4cc04eb122970e3520b844470ff32aa2d53ae05c.png,
4d32c1d2b2cd88bc079664658a0222821d2f361f.png,
4d3f220b83d5a0b072e2e17f81b9687180e426d9.png,
4d7bfb13d5c7c410db4f9c03b29af0ce15653dea.png,
4da554b174ceeafba46750a9f39c5231f636f283.png,
4df05f2bdd5ae5f6739e231f41692b7ade04a6eb.png,
4e071810df315156f2fece5c06719e6136a63241.png,
4e11c6f46beb332f4bb9fcada270b817fdf6d870.png,
4e17ae6664a021949f8a4a26c09d5ab3c5f96a06.png,
4e1a19ed07d150b973615489f2bbe862019617a3.png,
4e415d57b6b6d576c870e9f83bb787c14b4272ee.png,
4e60657b257a25bad856f18c4295fc276c56c227.png,
4e66d05a8740d255655476a3227e51f7abd1db2b.png,
4e78ddc309a114d8e5b46905b72c45fe868cf122.png,
4ec24dff61a686a28bef783be25823df38fdd833.png,
4ed7cd682ff681475a0eec734a94f8a4ea32fd0c.png,
4ee6882ff2a2c4e29cc6a47393d166e00e81c270.png,
4efd9c6e1472a49fcebe1f2e1995053676a7d6b9.png,
4f461989592b05145a106895c2d725cf4f33898a.png,
4f9939a5e8714f2750a67c447d8b6a01557bd385.png,
4fb0946f5ec0d77d16c83ab5eccde4a500c62113.png,
500182f3e3bc43b12990428f87daabd721fd8095.png,
5012898016b0d63d3a93b5293f7c48553acdd504.png,
50356d24476d7713f32950d778e649d1973398d4.png,
50754fcf8a815b0675ba550db574e54d3b2704ca.png,
50afeedef97ab27a7f0c8a69cbb1394cbd50b1c9.png,
50b8c9ffab676d6681301e55e9f0cdac62020a07.png,
50d5d92a5c3c2b60953eab95aac09891abad9b8e.png,
50f496867ec9607f19756beb474b656d7c50cdb2.png,
51238a033e6ef2a5676365aee4e0266ace6c02ab.png,
51400f2da3147da299d9a87de5627485b828e601.png,
51b7dd0a553679d3534b9a3f3665dcfdb2d2c1e7.png,
51cf8cc4ded407030b801a80aa8f7511871a5d66.png,
520609b4011d908319644e10c181f7347d67f804.png,
520d86ff21986c466d884e1b0434f69a705519fa.png,
5322093dcc699b07412d20d927522b63922f6cbb.png,
5361c8f6d2e34aadadb53368d540b1cb2624e8a4.png,
53722f0aa367ad80ec87345e6aa7cf1406421b1e.png,
53735bbcaab98c6d0751d1c4990d4e4e826b6af6.png,
53a3f26a28c5323f6f67c423c3d2a5194e52e3d2.png,
53bd7e830c05da83a79c018a7ab84e77f6f3d6a5.png,
53cfe7a95913f120689be41eba3192f0621a3d0d.png,
53d47ad52221a68a4c96b9c601423fc54a5ffd05.png,
53d8916b4c548d13bac444d8334a3f1427178065.png,
5407a57e4eea5485f44e096b864c7693f35c0ce0.png,
54567ab3700befbc306b3ebc1cbf80f8f583d7ee.png,
546a5330d5305d38218693f05fae4aabeb7a7e62.png,
54b4c0deb1c7d32daf53773ab6ca57e6162e4ddf.png,
54c92dd5444973744bbc3d8b9e020227047f4eda.png,
54d01d0cd91f566726bdf8d8e2ddb0261472dbcb.png,
54ee194c62578945df3a1a259651fffe9179e0f9.png,
54feb4b462598bce8fda31eafb8ebc4390033239.png,
5503c4db6b1e20e215234400af877c0666c62cf2.png,
550c62acb4500d99806bcb7c21ab95bd08065407.png,
551ee96c9ffa759dbbd1110d06c452ae205d57c0.png,
5567e12a71c33c43bc5f04f6d97c87cf7f96477c.png,
5574c5cc33652a3b529fad72838c283877cc29b0.png,
55898207e5c1369672edf205029e7c0c792f6fc6.png,
55ade480ad8e85d54506ea70887c2b171273aa14.png,
55c6fbe09afa31e5c5592940e246f6e0cfb1394b.png,
55cc3e9cf4aa8fad1f73579149a681587c512d59.png,
55e384f47f2f64a3801603af04f1afdf8ce7cd27.png,
55e560778a66e20c850e8eb1808acc01ff5130f4.png,
55f614d47faac5cf4cdc7a2c86c80f070dfffdad.png,
561f3136c2f5c9d91790982083249c11a9d18115.png,
562ca7258790b08351826f6c61392ee0a35f0b3a.png,
56461f95e9fda53e78c777d7ea2da60d1d56e4d3.png,
56481d5bd531b04b0fbd9de540bacd2fc2118f0a.png,
564841d8f77ef1a5f46f77f8c72e0113d3054461.png,
564a966375a1a6c9246c495af1743df209948e0f.png,
565460d8fc31384b2a7e25ce8199d8cd1e5553a6.png,
567e7dca921a661b16b7851207f640e911338157.png,
56a77b60686d33d18aa2b67c6abd0700faac41f6.png,
56ae689ce4716e7819bca8b045889ee77118cffd.png,
56cb4fbd39dc963ef84d2cb9ec9596ccc737a9fc.png,
56fe29b3af70023a0c0ddc9c6b17540acd6a8704.png,
5712780188ccb656e5e6cb2d466814a3caa01c54.png,
571b4f288b4e8f576a8a110af8f08f60e937f869.png,
574b89dd2903548d5bdb7521c0d841db0589b249.png,
574bbb43eefb053a136cdc3e891cdecfc8037001.png,
574d1f8e84aa7ea771e56a794838000c33f07541.png,
575273d6ecfe433b4ad5c413b4e5d3fab48d7227.png,
576ea856081efce56b42ffa435999c90846d9f30.png,
579e112450ad19e8acb561a7bdc30555995d4e2b.png,
57a494dce73d87214f2128fbf0326a0f523bb7c6.png,
57ecc58609c6bf8e714c391e16d4c863d228eea4.png,
5814cba0581527601fdd88fc60be7ae0c9dca00f.png,
5826a1aceacd3a8e8ecef12b125bc85341f748af.png,
5854fc2378968dcf3800299561cec65ccb6acbf8.png,
5855e33f9637a0fd0266a977366718dc04ed2cf2.png,
585f6b40a0d1eb4f830b1ab1920733c5fcbf9ffc.png,
58865b80120bf7bffd16ec275b8c6d23582ec494.png,
58a22fe7a3cba0c81e4487a0c34e6fbed120d2c7.png,
58b17503c39bcfa892a470130c4e379335adee59.png,
58cdb1b3860d3f120b09c36227ae15c4b111e96d.png,
58f5d36a618ce651e6ebd4b679fd1788877f6f24.png,
591edb047597c72df9b00aab5b5f746c975647b7.png,
592e5f5f8326695a125162ae020bd64541702259.png,
5932d19e3a49274ceaa5d9a38eff7513707f6ac9.png,
59393a2bcea071d86c9091938f71bc851fe80c64.png,
593a045fd730b9b74e64fd4d0acd12cd63bf5bd3.png,
593a41ab7e93665d0d57fd80c1a04910957e41c1.png,
598dab073dac7fe8285191a262786c4d1f1cf2b4.png,
59b4c62f6c4d6c95f5ca64f1090dd24eaafc07fa.png,
59efb8d11c705de791853d2ccb8dd3ff9efc504d.png,
59fb5fa6d25db66d835f17e0cdc47c2405ea503c.png,
5a3bbb3c4790eacc419436c76cc7089f45a6199d.png,
5a5319827ffba9714209491c94b142078da0d8ed.png,
5a628e087d098698dc9bbde04cd1c5ffc644b0aa.png,
5aaa163efdd30233fc9677d2ff52905aacf6eff8.png,
5ac6277e784a6e158171074253d1cca60775fa9d.png,
5b56fb7405b56b9ad8eccb5ab2af7fba2d64caba.png,
5b90b541f5cee46adc0276592b8a906ef0605c05.png,
5bbdb96ffc8980600f227d8df4a45a6181fc10a7.png,
5bd7642584317a324c3ebfd163936ecc21bc6e7e.png,
5bf890e1e94e9d60a3bf9a8007b2cb8eb3572afa.png,
5c1b4736db6de9bad062cf17c37867ef56237d75.png,
5c2d84b348f3a8aded01008f3d2305a4efea5e05.png,
5c3564661adaa971dc0478539f9c27e34293c8fa.png,
5c856b0595f6aa9ce53ebb1b4cef8457da0f997d.png,
5c8c0657ae10623ddecfb3e3e21293aa22416067.png,
5ca08437c106bd663cee740fd36ff3812ef87186.png,
5ca5a191680f416a3cc6c3a0d751dd2d27dd8ab5.png,
5cdbce67460ac876c9a6669008d2862d97b4bff7.png,
5d0d7def277bc0e75298fa0abd8a3b869e815f5b.png,
5d2ef449b09ee3db505628ee2fa229affd2029c7.png,
5d458038a8438ab004f5bd841eca59fa9086a07e.png,
5d498da92381ee4cdf6fe3eb9180b5586bd87fb9.png,
5d5732f84f0ea64075bdd84a4ebb1b7073d43ff2.png,
5d738cce94380656d61746383c1a60f9ac89e0a9.png,
5d768d48d91382d8d66cd25ff3baa9076eb579ce.png,
5d77bc2c052170fe0798dee171a3ecc68d41769d.png,
5d8b8e7c4ad461bc77f9857502de7ec4c7b4b098.png,
5d8b9fb6bc635edb342e594a756d0842de07176d.png,
5dc81b9a487252795af2692ee6336d108fc4258c.png,
5de7d69ad0ffd033b5b9554f249c6cd099bf3083.png,
5e161afcd65aa688765c16125bdb92aec147cdb4.png,
5e6294bb96c6227f25b6cc241d587510ab430e34.png,
5e71c8d70171caebb231a9d67be04b37e8625f1f.png,
5e728f3a8d718f65dac584bd9fe2f9e6af29f059.png,
5eabc5de0f6afc2572f4e99b7e78bb22fd97a60e.png,
5eace0b108f8e3ba283247a021f5fb504c179ec3.png,
5ece1db485ad00af0dfc811f4343ff81f08d1026.png,
5edd404bedf452909c041d7416fd1fa9a9bcdca3.png,
5ef90836716ecfe28d68ad44091240baca69e5ba.png,
5f2a81af4acc7c4b2e1cccc2c690f844d7e5b6aa.png,
5f4176fe4b0acbc2d1052f5883f7e79573591c6c.png,
5f5ccc4b40a8cd490d76a64c203f68354ad8de5e.png,
5f6e0ad0ceedb568336722c4bdd16333b99ff1d3.png,
5fb758f8587e3759a65f06290ef68c5b8ec5e269.png,
5fef5844b6ebb9d768e1449110a9048cac809bae.png,
6030cac97d8891c828d06566af8b9a0551a7ae87.png,
603bfec12b21d0cd3b9ee5caffa9726a5420d861.png,
604c51de301de06386e703c7334cc3e94fbad659.png,
605ae30d3a7420b396169eb04b7c6de4f45ca520.png,
6060bec7c08197c0d40ae175e43f52f8396d3b73.png,
60963b7c343d50099b638b4e3765c7b07a96150b.png,
60b655c7a621b068f7b2eed214dd62674ad98eed.png,
60ce1b6c486c187d05c9bdeeccbeb77b3ac8ae49.png,
60cf89883dd0b4c08197379da335fcfa125a2f4e.png,
60f966a2f844198f3aad00637885270c8fa74138.png,
613820c13fc004aded604543a62beea83b482b94.png,
61ba156c80ec9dcd4df5a7203d352738a125cd29.png,
61e29489a39cc0b541ce1c9364e2d09f95b8d22d.png,
61fc6ebb02f4dd01c7e26519444715a1688902bc.png,
6214bec46a520be582cd9c4cc2f9bd22bfa225a2.png,
6227330eb732da2e8f7af33fc89b59c8400fcdcf.png,
6242038c5985dd35084572edffac0004d074584c.png,
6258c64b4eb3c4b9ef8fddd2d4d91b1784fda7e4.png,
625fc735ec94f802cd40376e6d740163265b2e34.png,
62aa6954cf3debd92ed14f3cc4a49fbca2c9a6fe.png,
62b5cfa28108211d70d46feefa1d86f8be7f272c.png,
62e284c2903602085f36dedadba6125b11723120.png,
6326eb6fec56a2d8d9bba609346d2dbff2750a27.png,
633c4b526c772b45a1656436eecb1484b55f4fa4.png,
63427ec711c825a6171c08052cc7e74ba023ff23.png,
63434492744f82f16a73cf2ec20f9541b80ce018.png,
635e504982d7d03855bcb301797a872dd3768981.png,
63d26e2ef635d183223a0a379a1abf72c0aa8438.png,
63f3dd313024f8b4ba558590d792a17d5d102eaa.png,
64715f03a4517cb39ad6faf31c77c259aa917ae8.png,
649e0a0e5bb1b4f0756330d0190d8e1c1c26d07b.png,
64a4fc4f41c31629c8de865e006d54ae3c0ac3ec.png,
64b9f1fe599410771105028d711d6b506377ed4c.png,
6512ee97931943e4ad893c8a2afbcbc704bcaaa2.png,
6544090d4ec5ffa2d16c729724053902b94b3e20.png,
6562502ed9360f12ae52434e748d751daa496bc6.png,
656328a658ba64a49ce9e9aed5339e2879edce8e.png,
65660d382cf8e46d2cbd3e008ea74a867e652717.png,
6571d93b43e2fe33e251ac23dfa5fe0bd26f0108.png,
6577b3c5e28056b36989b97fa341c79374055042.png,
657cfb010331a122872f7c97ee0c2c339d94a3aa.png,
6590bd74910b3bd340f77b1934faaaa4a8252287.png,
65a3325fb6d6bf6c44c509335fd80019f4cad3ae.png,
65acf8609d9b5e373a0be0c02c4c48b8ad871d85.png,
65c5f5210b8766a14bef30b890d424b50f99f29a.png,
65c8a6fc147ee6c9611e49bbce037a443a6ec8d8.png,
65e39b95368a391ff80ac8b52ac9ccc1d56e0ffd.png,
65f7e8935139164cb57bc8143ecd23877ed337c7.png,
66083d1e4eb6baae9607aced85ba0f0613891cfa.png,
66783112d75c5a130bc3a0bd38f804da239960f7.png,
667b824676f457e53166205ca0930b3d18b1652a.png,
6680a1576495f7ce76a66679d3903fe8d93b97ec.png,
669874b3f8c431660b47582e9b2734d7e7aacc18.png,
66b81a2cf882cc2d8377ca75efc555f2a52545ab.png,
6706d8eda3e3e0c85121eca7b35698a9e9781b54.png,
670fdcb1656dcc3b546dfa9a5ca91c0392834e5e.png,
675119ccb99a4612198ba061d4d244a72aa1f5cf.png,
679a771d1d9910317005311e9317e6683adc952a.png,
67c9002f21173c3f4ac5a08c923d0539dab851ed.png,
67dd359b32ca9e48d6b4ca23efbe6f4191f50367.png,
67fd61fc1ea1ef7e80c726560a5f3a600b8399c4.png,
681c01154cafc60663abe62496a039517e71800c.png,
6820c31fddcb7c6fd75f82940fd7da2def0fa046.png,
6864c92be9fbfedc2a92ae9d95383149d75dc425.png,
68685799bfb5812452c926e250c19bc4b42b0a1f.png,
686c3833a84c03b662ae72c18ab0b6f82de93935.png,
6877a45e80571107550c8c480a204be8845158ab.png,
68859d8efbf6a98d6c2910eb74b8e6cebc591835.png,
68a064ac2d54a4eda530066c15b924b8f501ba5c.png,
68c380de7e1de63cb814ac1cd47aaffe0ebe028c.png,
690abb3871ca27f4b19d02a06646022f23538abb.png,
69573bbe3aa0f690684ebfd4a7a5ac7a40a33674.png,
69772a7dcef4a89d80084ae357ccf512b4752b97.png,
69ae5c508d2716e4617fab09c32144863d7e5e68.png,
69be11484e23bde8699c2db0d28a7e942e18f486.png,
69c5f3610ead8332293ea8d6952dce34a71d521c.png,
69e16472fe5b1e6007b2538cef2cca70e3ebbd39.png,
69e9be2c0320bf41291741a9ff28072f5c7f37ca.png,
69f22de201330833dfe13771fa882982234019be.png,
6a22175bdd277e6fcdf670b437d483d9044d9f8f.png,
6a36be2fdb854202ffe048092bf5fe89d45b37e4.png,
6a470976364508923767ea1462ea27526333ad31.png,
6a4ec26ef068e281b3781db34ada89ca9187910d.png,
6a56f5f3c9d1fb4754dc2739ea60f8e8242da188.png,
6a71be60d3768e2fb9330522a768a61154e94810.png,
6a8ff7d48c11da5abbeef5ed7bb406888ec5acf4.png,
6abeb3ce2459066802847ee52a016af9c83fffc0.png,
6ae9f4834c4cc24ea1cf95831481a956a75fc9b9.png,
6af54a442794992c44f1cf48674b3ffa06f22737.png,
6b31431d96ca81a2ee887554743fd49d49f07aa6.png,
6b42f93a254bf20aaadbb56f534399923e8e59bc.png,
6b459e7993d2a33e90da3d590607413600213d1b.png,
6b5f415d58955665ea7acea6ec992b36f4873d3a.png,
6b64b7e1c64ad87863d1a22bff85a06eca9cd2a7.png,
6b6e7891f194839f42a32e06751a4be605ec1289.png,
6b7f5d272cf9c91c05add75fbdf5919cbbe1ccf1.png,
6ba667d87ac5c23d2e7ac3703c6c2c6f05bc8a27.png,
6bb14f72940f42ca4ef681e8a0ea2cdee499a195.png,
6bc2c30dde94aef77aab69edcbc9efe0e8ed6ff8.png,
6bf0b9d22565e309d500370209cca0ddf2257df7.png,
6c0933d60bb6eb577c9d1b357b45de6322239f40.png,
6c458e5f9f2bdc7259fa8782eb2042d07a3e4161.png,
6c81b22bc7b5d00016d09ebe460f4f826418ea7d.png,
6c835564030060223a1e5e9a2b4f245a47c8bf16.png,
6c9aa31ee17dec637503afaba8b7b6b3e10121c7.png,
6cae2eab65e4f6b75095e7befa8027a1209b7362.png,
6cb04bbea8378de6e75f921145b99cd7f938c128.png,
6ce690bd7167b63d21768656ce1391dc5bb2da93.png,
6cfa57286b86205f93d14c84b7f78b47b1fbb46d.png,
6d2b4d1cd65131a0a25d96fe42b518983860c98f.png,
6d5598dbb01d38a285157fe084cddf5cd632017c.png,
6dbf87421c035333abd551427f5116f3c27cf1bb.png,
6e3ae64147a42edcf7de117757aacc7262df0472.png,
6ea43b136f51dfae52092caf332094b93fc41989.png,
6ede4ba0631e2d7e21486da00de0d5f695b03314.png,
6ee580f7fcbb7cd81d4d89fc377027b7295d1ded.png,
6f396882769eaafa840ef3f3c091528139833a94.png,
6f52c7247e8deb1395bbb4b61b10e22e66f533d1.png,
6f69d36e4bc97b3db9b5d9a3fed56e9fea273d46.png,
6f77a3f9eaaa22897002797a5b3f613c54c2422e.png,
6fac161ca2aa328d354ee21c08bc75bc797f97b4.png,
6fccc5d12f45076a53066d6b895b756356455ff9.png,
6fe789f1a68c6138ffc4313493711d38dc912828.png,
7032a1059b460c6e032461acad821814b8f18060.png,
70340670f2ada15081352c55e590d0191d676bc3.png,
703e0d4dcd7833b5af16a5da054db124ee8a3691.png,
704c1bed9061a2fd72274c49ffa87b7765b515b9.png,
70591735394f1eef4e38e1cc7fd95a5119d9177a.png,
705e020bcb3dbd37763e89d1a997f1ecfa737da7.png,
70d5d5812bab5ff3613876e6a8281e2e568e1f10.png,
70d8497a9c71d14d79187d1ccbe8850e4be5e483.png,
70deaca508c704b87826a642ef1fb46c98b604be.png,
70f21d0bb68d1ff76d4b87881fbc178513b26b8f.png,
7103cbf7cd1698d3583ff95d49e9b121cf8c59d2.png,
7107bcae0cd8a41db2e2607cee97bceca14cfe22.png,
71338f963077e77e91fc40c35e465e8e796d2dda.png,
7149009e8dcc25100294243624861a222f95f38b.png,
71619d9c437824c71b32744716286464066ba9ff.png,
71636d9f4703b6b4c058481329ff7ec5ba7b5421.png,
716a6fcf1dce440a39f04eacc02985b09007bd17.png,
71728bc41ca9cda2c9e97b69b839d4bcf90d3181.png,
71debf9c2320c9fb685e30aec2053942e7b9ea91.png,
72106d180217412a702f6c844f79f1a1bba397e3.png,
721588dc5839aa704a6cc2c2be001717eebebfb6.png,
7222f4a62230bd34f9f9a5981e2be403e2d1db69.png,
723115c7f3af6ce0c0538bd71698534283ecf9c5.png,
7246ad518a0af79abd849d4211a3e7d00f449185.png,
7248f56c4eece9ce9fcfc1878eaf56d1a43afebf.png,
7263eeb3816249be118207bd286fa4eb45cb48a6.png,
72a4f3ae369b651a029935d2f5f69b9658e85357.png,
72eddc40660512db1bffec3b7eab650bf7a9fccd.png,
7327de4f514c59af064a5e537edf13b3689563cb.png,
733b877957d800e41a229680841b69fc0fd17f7b.png,
7381fab9c8a7ec0c553befd0585dbde21a66962b.png,
73b6d5365c6be674fb077d6dbd60524d7cebd29a.png,
73cb6f8669d3f7482f16435fc7d68970d00ddc17.png,
73df0a86748577347069316f32b4fe28ec451c77.png,
740a142c35b748a5ddc9153dbb327da11cbed8cb.png,
740cc93a7f2290c56a9c5e78fb64e050b859790f.png,
7420c86683815c3bb2f41f40c0f2a9617f782609.png,
74220a67c48ee2f08a26ca4670f7b49d2ba317a5.png,
742e323deb7106f3be97913c1a6176608188b01b.png,
7440b99a9ae2f2d80c893a38b699a4e9cb1b39c1.png,
7495abfb597b2980e6c9d6deaf8e41c9b9eb2f87.png,
749809d9f3304cb958941a2d070fd44d76427f84.png,
74b8cd5ea3f3277346fba75b707cd79a6f221311.png,
74f6710910871ea1e55d254387fcc9f2892e71b1.png,
74fef4b7dfb142054e4830926c7957f7c67e80c1.png,
7505cc9674b494032ab1ed3bf02241e817f9797b.png,
7510357e0e813f65972110b432383c3ffdefeb12.png,
751fabf1083f9087a5b54ed531d5b53136cb5a94.png,
7522c5f69c75311df59294b5f3a455a225609ec5.png,
756a185fb852e863bc00a8dda9dd5b7afda45f0a.png,
756b8d12ca0b5a1f4b94d561db7f6c6e4fa509ad.png,
75920325162a11b37fcbc43ad8648c12980a57e7.png,
759dd8e74204bd4c24e4878aa6fb8a66eba26f49.png,
7601db91cbd90ebe6807692ecba815befb6f46d6.png,
762495a8cf557a9544f53bf19d7b4057dc4b3880.png,
768e1e633c0dbaa975cd10c6353edb5a39822e6a.png,
76e789a7847c4b280ad40fe71604de49305ee0bf.png,
77194d96d8f35e83e70418b0366ad78b4956b515.png,
772ae6c0c32b386a3479e75528fa7d99c6791b7f.png,
77353fe62a31c3a4aa3444b443cb21b30bf6fb28.png,
773a4453488f341eb5937c5d6325f61da989b941.png,
776ebaa970530672ce34bb1f3d8fb66f3f45dd61.png,
77ae2807b53297a22c034148f0aef69a8a44e701.png,
77caa54c841a3a56f69f5f8c2afe04885bbcc580.png,
77cd69343a36d81ad9365965e9cf597d961b5093.png,
77ed46e92306e0b9d8ae8cd0c93e8509760e7dae.png,
781a20916c039671f769f2d58533a8cb7b546fba.png,
781db9e6955e6e3adee88b61505494dd3c8cf6cd.png,
78527d7f1026797a8c766b797711d0de68914275.png,
7854be57a9473e71a9ddab4eee37f9c498f366ea.png,
78a96d3959181a7cec48fe9ac05b791dd6c7ee6e.png,
78ae75692387d508c346ed095dd218db28a430e6.png,
78c9cda1b5dadd2bcb1f5ffa23b4136607af1c92.png,
78e165de32d066d4d1d33d065434be21a63e85ab.png,
78e4739b65180f1de0b9f4b1da9e8d8473984d47.png,
7923cc4a28a27df829515f08f77cbb247a31133a.png,
79296e992089eb4293ba78e0690cc8a860afd9a6.png,
79304a65cb861095e6f6bf4a7bf24e5f65a46759.png,
79355665aafa33ec5cac7f23e32e4a6cf23b7c29.png,
79436ec61c25cb0426c9ea7a46bb2acc8cb01d93.png,
7945ac096c6d6e5e91b63925c7a0c9ddbb43c4da.png,
797976150498890ee8a959443203f9edc46319a0.png,
79cac1b3d2d1107d74e9c0babc070d10409b796e.png,
79e0a2fa117a9c1647c77d738ff5925e54a75a0a.png,
7a4ab51f668971a5627dc2c8d7341667bf19de11.png,
7a6cb4f5aca8ce41f9428bb061fb7c1f59260414.png,
7a7b0f3ec3a9c89b5e44efb63eab2766bf56e27e.png,
7a9cd3c3229c83746a79c99f8aef55c44398df96.png,
7aa380ceceb62c9bb7fe026dde07596f201666f9.png,
7ab0f8a34de6804309b9bce3fc30a06b02218f11.png,
7ab6b9f3d693084436b39986ce3cc8065576f5ee.png,
7acd3f6a7f40e5d9c3cfaaa7e9e14e7c532e1ad7.png,
7af3e9ac210ccc94c06b801fc2fbf092fb453e01.png,
7af6feced9cca6af19bddf7c6987c1c11e9da5f2.png,
7af89d5c3732fdb4cd403cfd15deb325d5a19240.png,
7b75553056c364dd9774c5616c97c9954ee6da56.png,
7b77b549f9c948a24ce8228ebf31b0809fbfbae9.png,
7b7a722985e885afa75e758ea7d3f3b5e6cffc3f.png,
7b82fef7d9ad2ab809408ce56a8e502c07b9a65d.png,
7b9f2b68487eae7b380b638de654841255f124d4.png,
7b9f7794dc66219c8a9a2f39f85e798096778f93.png,
7ba482c74334f5c2619b4316530122eb1990cb6b.png,
7bac5f8829bd3a5833d0d45f7c795abd24d21ef0.png,
7bb334013b433403ece848f1c2b7c5234c1726a7.png,
7be8039b7dc84ba18a0257ba371d11cabe8aafe4.png,
7c15de2f8043728d4f8922f120ff0fb47b564009.png,
7c1753f13a1e754cc8685471d07b73150f76dbd6.png,
7c531d81d8fe49d5f94ea915e4f1811ed81fadf0.png,
7c5321119e60353b81ed012cb2477d95ba432f0a.png,
7c86e7ceefbe66f3eff4e657c1f690d4f778e72c.png,
7ceabb3060ddb2608891eb0489185bd40cd21d71.png,
7d1d2569321ed559dc5488eb22026fe537a81df6.png,
7d59428ba9c7e16eb43079fa2ee86b28da95a41c.png,
7d9cb7271540de4128374a80091ffb63e1e20e76.png,
7dc51e2dca478d273c9b7d84485a5b614d1b31ff.png,
7dd3ab0eade4033c7d58833bb1eed8a9371dc857.png,
7df98af1fb696532fab6d7e2e05619d5fa73932d.png,
7dfb304732b53ec8eb5837c4048ecdfbaf74a22e.png,
7e115b08abd7df8650cd7c2b69eb16cfa3f89563.png,
7e42c0b4bef5058f30930f40749025d510b88666.png,
7e473b683b6f63c0046d59b65b57fe31de417990.png,
7e7f56243ba847c5172179936bac6124eb6c0861.png,
7e851939aa928051c3cb912e5d5c5f0ed8d24d4c.png,
7eeae8bfe40446024e619fa191aa61e1b64e4d2f.png,
7f0ffedb3af676d5e436a703e97c64646788e285.png,
7f2c2dfa3ad1f6159ee28f46cd09c7367b5ea9c2.png,
7f47e860597650a34616c9bda038224074b966e9.png,
7f58647ba17c4212245169461826d8e31d007a30.png,
7f5f317f71e11eb555bfdcfa005b60166c08bd0b.png,
7f6118a5c80c62aab8f1ef05f87819a164ee60c9.png,
7f651f4338dc205ee7713e5d7b5a4809721b6e6d.png,
7fd4c04453b477ee789a55fafbfcdb0ea784a2fe.png,
800bd301c5a78fc3fa215632a02271b0b9e33e8c.png,
806d7726eb843c8656c3c8b976bd693185fb4d73.png,
80ad8794def06aa3864ff3737f6bee3e1614a5ec.png,
80c50e9c40664f03edeb97524be07494ebf1150d.png,
80cd093b3eb30ff82648c2977e9c2dcf8ce64871.png,
80d1610d3826f4182393fd4d361daa33456c7b1f.png,
80f61fd6a76fc4469ab5b33fb685fba1c686326d.png,
813f1636980529b03ed1010ef18333e4009288e2.png,
815243e0155e4f5e86f0581c0f051e7d3bce3268.png,
8174a5fd454ed854a21a9cdedf3d39798bd70c74.png,
8177bdf2d66f52cf3a03e3ca606e0bb9d41dcbe2.png,
818e105dedfe40f2af442cbe24e30ae179ddeb03.png,
81918063aae3df220318a64181a00d70eec97031.png,
819aad90887d963d36c7748ae11e7b939339b43e.png,
81bb46aad2862ee988858e00314cd7583b4f9e14.png,
81f88b223713a6af77d525fabb096bee26157737.png,
8223f42230f270065bf6173dbcb8671f425489f2.png,
822798874b2ce6b57099b730c986f76436cdcaad.png,
82280c9bb2f3e15e036d4e711ad868668559c6b4.png,
8232b9206abca4417c969feae12b09bb50cd1bd1.png,
8244303de3919ce39e40d6c9384f2865ec63e3a7.png,
8257778f5ec61ec300d0e69cab1ee96de1c03324.png,
825be4c8b662e98a6fed5cec03252df869c8ae50.png,
82a34cf6a8047c1659193568a9fb3c897eedc269.png,
82bccaa865f98347d509dc0d9f1586fc655d0647.png,
82be76ece76e25b8ac9115b0d68e5a6faa115ede.png,
82f8d7d0b1e2ce520011a6214b02d22d137fe5fe.png,
833392b6d1bfb4abd40430036977d5014991aee6.png,
833dc740753c07d55953dedc50a611d854fb5427.png,
833ffc1aee64768a946dd2ba8e9ec1188c5c6b85.png,
839bac8e9673bf7c649944f78480da28e527c7c6.png,
83cdae96bf3633a06221bb58a6106524d25e0ab5.png,
843733204649869e3eb8ed75db79c2a86fb864cc.png,
8464d569d2a59cb843789b41606fdcc9ba2d639d.png,
8478f1de6baae68df8ed2538975401adef55c39f.png,
847d756dd1e9e510c01a419c2b44fd2a1c9b22fc.png,
847d78017f7fea1ae77263d9d6edf070ed837370.png,
84bbfe6ff88232ef2beec9e0b53be9c416281ea9.png,
84d2cdef7ed54e7814c0d5f1dbe4460f82b2e403.png,
84d706371a03ee669af8ce41d2c8c0c63f396af6.png,
84ebab35f47ee450850643b66eeb67dbe5c74b1c.png,
84f16f52a4ede98a8571434376410bd07a915f2a.png,
855810232181c9095308f4588771bd46c47d8050.png,
8562b1257fd7fa9ecb1c37f7c216c97cbd9dd888.png,
856b09ad3ccc1dcf324932f35ac2266ad8fc3ee3.png,
8624d5f42109dd7562624d76a0bec7752f68d232.png,
8626b4cff4084d1d070e8b92908d4d3f36fb9990.png,
862b9723928d1d66224ceec60330130ffe5eb76a.png,
8689a5aa8e18b7b6188a5fe9887c51b6fbcb2f93.png,
86c54e3169674752444c7cec777be80e7e7a9506.png,
86c5e706d7b59bbe3ed374157856951a9fcf17aa.png,
86e5f93dd4c49741c5edc636f11a4b20b36769ba.png,
86ef1e71cb55bf7fe9086e8f4b0e405acce57139.png,
874e5c34b8f6d89a40dc32198d2ec632e141f667.png,
87aa849c6e1a6289905534c9de81c27ad14d0851.png,
8809984d2c5022d096d5ebae868dc28dd0a9b704.png,
88319cc1642ab05839638b72258d5c4e5c9ccdf1.png,
884bf58e573e2d52f01b205a9aac57e271d0b9a4.png,
8857c2a1ca98f280ed05fd83a8df4ce85119cba2.png,
8860e5ea984fd9ce70d378196849392784acb840.png,
88a3725d1afe2cef29daac02e5f726a8e1f751c7.png,
88b38f61b980b4f31dd4acec2e06b956a62ed5e7.png,
88d8b0bdafaceb782b7cd258a2f8887617132db5.png,
88df40690209dc6aeb700f39e3672e191f4ffa09.png,
88ffe0025cdb11ba4b387204d8eb8a07e36d9007.png,
894ddb16f7b4e4f318cf37fcf6134614d2027066.png,
8958893836b985200e689abac1ad2fa8954a8a97.png,
896ed7cd4b30ee8e20474ab51cc505867c0b4883.png,
89b2543d86a0c4abc5aac98a13c46bfc5cb9891f.png,
89ca55934df555c8c2f18c1e301a72ad231cd335.png,
89e6e646fb0157cc6eb61ec8f73d130819d14380.png,
8a022c0910ea4126ed78fa0c8759473fe96a0ff0.png,
8a1b294c0ed218354b2152ab9f04ea4815f71f40.png,
8a1c6e2a3acd63aa7866d87085868c3c2f3fd028.png,
8a26fe934cd0057a30c201f27f143e26a2990120.png,
8a27a56318f62c26ef51c7911d75dad1c20ed205.png,
8a2e1bd2b1f3149f3e798d852fa85a1cee07547d.png,
8a60c13c62dd17b37428876d2e87f6297ae7a272.png,
8a6e3b44b7dba50541fa2e9b063e7cc66cdfdcc1.png,
8aa7af07a534b8b54475be78c080c59aab5ea69c.png,
8ab005afe01297b94e210417ccb942c4e63382a5.png,
8ac02b637e95a229c88b0f0f1bd7b927389b3580.png,
8ac3f8529847fc1f1a2acf69ffbe502a8e0bcb9f.png,
8af6f8851947400637499a3024911b0b553a7795.png,
8b5cd3f817c10cec1bb26347278d2f883c56394b.png,
8b74526d7fd93bf5b673a5c08766c0aa19ca8e71.png,
8b93bf5b13a752daeb71506932772ed8a53124b2.png,
8bb19d55577f38fa574d2d3188b2c2ba50a92855.png,
8bd1c2126892445519fd85cb1af49262e1eaef75.png,
8bf2b1666d28b00ee496f093c0acb4a3e4ffbd95.png,
8c28a55d7290b888223ec71abc912f81acbd024a.png,
8c3b0cae3942458ab2d1a4124fa591ebb460b09c.png,
8c3c498d7fd1bb7fd17a646e141cb4d7a5579208.png,
8c3cd108f34d57b8e48c1c9ebdde2463009193df.png,
8c4bb260ee8739f56b7e02df7e5c5489bdeb01aa.png,
8c59bf5789bccd0e088e53c7a8052eeda98e65ec.png,
8cbb769a6d1d169eea9b1e397c4570cab543b289.png,
8cda234ffd5a6d9e8fd01eadc2779e8caeeb59e3.png,
8ce5cfa9e0593efd71d5b1622657ed3f092a701f.png,
8ced27416148cd458ab4513ec23bc5e1350cb458.png,
8d10d370cb03b2c037dee00dcdc5e10c0931ac5c.png,
8d29882c44abcc27541910ab223d8b2c0770f30c.png,
8d4aa1ab3e5083552c0fbec3904ae3fb4808c594.png,
8d821c47e7b537f690bcf5537f7f5bb5a1a1dd24.png,
8d8541b4bd9558e5a4362e3f82ca890db977a034.png,
8d96632c69f50bb2a292b43594e3908a6e6510a6.png,
8de16ceb8321b4db773bc62f928a369b75f3c8a4.png,
8e29ae3b64fd02004ae319b80bca0ad7197c6690.png,
8e2d765acb7d5e79cdcf1b4bf16e1c207d85ea41.png,
8e47c4784139fb8d497ac13b26788a9845c5f8b1.png,
8e64ae09cde4edc7e5755609b6a0d5110b95d82b.png,
8e6b3f33eefc2e6030aee794a444f83237a5de40.png,
8eabd1092a9b9d564aa3376ea5d387278ad8f3af.png,
8ec537ed8c423cf35c4d88497d957b74a00b1b94.png,
8ed1c4c1176ebe556c7f6489649e273fdab4c5ca.png,
8f1457bc010908022a9a83ac54d6f284fec608bf.png,
8f2dd1102d76ac53843bc5685e8256ff7673a2b7.png,
8f5a2063f49732ddb9594cc8a0fc2a796a1a998f.png,
8f9984028d729e7471cb44f31eca40021df844cb.png,
8fa9b850bd15e929331711525e889b2f8cc8b8ee.png,
8faeb685ee67fe0aba2073b0a59afcc09086d394.png,
8fbe584c3ae3cd03b0e414f6636ca205a3f17b9a.png,
8fce7047b18a5da9eec959242f0a313fdeaf88bf.png,
8fe5cc93ad8c42126a09de95bfcee0a8a01196e5.png,
8ff5910f74bb373815c6986d8788c745207ff8cd.png,
8ff862277c4af7bee821d060d5485c467b9f4acb.png,
90277a8e6d4b62b69d2ef885d1aecdbe1a37f267.png,
9039ff01a97a31c620e0668323587f9c7a233fd9.png,
903d77abe174ea6ba1aaf648c1ae7c9f66a2aefe.png,
9057a11c9bbf9260012a971ece18758dffc65200.png,
906484cc50c232622c06abacfc6703a5041e05ea.png,
907be1b220a78f8fd051d14d8608b18cae6ce8ff.png,
9084740bf71584b25280cc3554f66138d134dff5.png,
90a38316a102a8eca0818148851f1eadd63fa53e.png,
90e5934255834a0a22104cbab3b2d0c3c6a88154.png,
90f39efdad94daf53352c53be242df223d7ee992.png,
910f123f6e8cdca039da49f3f766eda8aa7377fb.png,
9193e601aa65cc8faa7e9cbf5ae10f0a07b5c595.png,
9199745b71bb23c97b239e6c55d34acd4ec1bf14.png,
91af180e7b3b05280f86d91610b2c31c2d9a7173.png,
91b59a6519b297cb1b5dfc893fde8cad1e69b59c.png,
91b7002dfe3b6f42e356caf41f3f869aa88d661e.png,
91bed194b985d29522be2de0ab63cb53a1203037.png,
91c7ced1d3a50d8714c6572b09780061605a9078.png,
91dd24c0a6bb756c972b12d3fc98216a8aa38c08.png,
91f2a2fbf64adbde30d662dbb92552daaf6adf8f.png,
91ffb9dc8ae2279d92df72c0f4cdb1add033d038.png,
9204b2ab2f8f74a9d830eac45c3b511bb5485d7e.png,
9212f6a4f9471f439c11c429885a504c94e54d50.png,
9228c21c0526f131b147991757efcc4f77636679.png,
92429d38af1ce1e4b28f0984b6de7ff117fe142a.png,
9247d742504827f8685d9925cb4feff3999b52d2.png,
9248bb3f63b9659653d3432220d5fb24075be57e.png,
92562f72b7909b79096bf24f64cd9afcbe2e46f5.png,
92be08d7eb8ea365dd92f58f180af375ec1501c8.png,
92d3dac9dd44438446f94fc9fdb8fd8789223fd1.png,
931d21f9faff5e2104b130f9f77516e66cdd6647.png,
931f4d105934c830a84103767b5d190e41043046.png,
931f8b4b603b12800f59c429596b3278afc45faf.png,
932119c08ddf22faadf3255e7fd15d22ca4a1a80.png,
93222a12e676e466ba413d92eb129858733d7055.png,
93297393f36e3e9d1f295601a8af85ded658dc44.png,
933d750d2f35a69fb61e20c1422461e25eea7515.png,
934202c1adbac1561b5b503324e81219163e9ca9.png,
9375621f9ba9937e45cfb122f28d07e4992ece95.png,
937652640236955f306eef1354b8babc57dde66c.png,
940d90005714902b373d48c214cacc0e860289af.png,
9411ef10317ca5c3a376ac0f5a86134c485114b8.png,
946e29dbc1b1f98dfd7786765b7a945f7611dac6.png,
949166d8797e24c67827a81f01826c2bc6bc8cd3.png,
94e00486ea07e0f8eb954d7525e27a035ed92cbb.png,
94edd64a7b86c628bb6afe99b7aa20fe3b6d9f50.png,
9512f8da81271eb72d708590ee3659b3de69cc5d.png,
9542ca1cdb31a4d00120f01cb3eb694eb3f5e0d0.png,
95b610e4ab0923867aa91dc539ece4f4134190fe.png,
95f3124c06580d7f1ba7e413750a79a68d964c50.png,
95f528c97ef15f8592efd6f487167c882e203ab0.png,
96175b6c84890b830b49dc54726c83c42de849a5.png,
9622987a5d30ae63ba0c225f44cc6536f9143907.png,
9628a311f2de42af86033a2e9926f1647a8b336c.png,
967987d8483229cc707db837703303155b0c9957.png,
967fc28e5a3ebaaeecb2e86286e71040ac519ce5.png,
969d6cb5a479b7fb5a0a58c51173a7ca29e0e830.png,
96bc44fc861f524f488564f68cf8bbf7d8321b90.png,
96ee36b6535c8919718f511d0d19c7a486ad28d2.png,
9724d37ade019d1875f3bda9581e97a4eb638b08.png,
972a0c6592b4536e5b30bf71575929b51dafbb70.png,
9743a6216689a0e6ceb62ccc81d0dc8425d5e39d.png,
9756571395b142d2f7746ff535b5fcf5c81a0a9a.png,
97c92f775e0a3dfd2d55457dbca9405cc642dde9.png,
97d4f84846c74e5f5c58651bf421df6d830070d7.png,
97ec475b226f6f144b88db68a7e63fc844bb8020.png,
97ed6e98d345077fe79f106b5142d16314a975d2.png,
980dff7bad45f8066f172d59d045571a620afbb1.png,
981d8ebaf9fc7b6a0360129d79ebf02bc8777b64.png,
983aeda5d768661aa14f6c43b72e165609699418.png,
988249b99b136630173477894581edac7f27958c.png,
988567e3a809d65230b3189ae866f1fa5767d304.png,
9893c3a4a6120027c2d5ce6204eb7d5805f6d055.png,
98bb48adf9fbf2ee9eb1306481a4ade3ed87a2f1.png,
98bfad4546df21ca2bee7ddbf1fd370ebd4bb857.png,
98c958e9beacea0c62eb9c20fa10b13b108d436d.png,
9903579691b70a60ffe072f70d68eb2b2c0432a3.png,
9906388fe746ea2f08d706a1b797f371dd78f9c8.png,
99165b51e05888244bceb10ff02701d57c87e76b.png,
994f0c9cfa60eae32a08d31c0486c79218859bd1.png,
996580f774ee5b092ce792a036cb4b1e1419549f.png,
9991249de204ec7159820912c59a63fc0a6d1d12.png,
999c5d4d12a55b93733c164391df5848d5372ccf.png,
99b8b7fb70f8938ac447a0f1facae4b49ad5b735.png,
99dc4a540fc143c72dc2f7648c7d50d3a7475d06.png,
99ed6255b4ce7cb61e03b82e9bd94e7f59160499.png,
99ef3cffcb27a4f1591892e8e6b63f227ac705c7.png,
99f58dcb05e0eb23968ec29922386f34da4a7179.png,
99f6461590e6464a8c343685cd6f315d56e4f90e.png,
9aa2fb2f0a3e7126428447e89b3fe39182c8469e.png,
9aae0b14adbd835a60f866a1ea454f97139cc4e2.png,
9abb7657f57f2f1c867f8fff0fbbea9a75bb3c49.png,
9aef9f0a8cd41d03bf6e6622fbac006b91d024bb.png,
9afae01f71a51ee899c81d7360f865e25da59172.png,
9b2e93f2e0c015ccf282c97ee72332b8d92b3179.png,
9b353afa302788cab63f47cea61af4c3c4966066.png,
9b6eec380dbb5c556c2920b3d15a869e1d4a36fe.png,
9b8d2bd51aa6ca018708814f9c06297f597a0402.png,
9bec557e2a40ef0a2d7016a6c8da93835fc64acd.png,
9bfd089a4ceb92d5ec69ff4413e1bb60e270f395.png,
9c199bf446e73bb5f4655ae30418d130466af5be.png,
9c1eeb7704679444d48a70ae82bfeee99ac553d0.png,
9cb12751415b561ab297a7c78af0518b19b39588.png,
9cb268f4baea85e03ed012bede480cc0eb8237ac.png,
9cb8f91631b27bdb11dfe7e8a311161507588131.png,
9cd6f89b295af8e4018db90cdd79a36bf4bc4382.png,
9cf4b5b1e851cd07f7a93cfa50959a693fbd90a4.png,
9cf9f0d466b51e2df58a1706ded3ef3f6b3e55b9.png,
9d027ee1fc0e78b524484554124c04d636a092f0.png,
9d3b26bb2970a543464e9eff5f1aacd41a8a131d.png,
9d5061a627f044adbfc227d4436c36f995e0a606.png,
9d625ad721bf618c26d3a70613ba377982574513.png,
9db1a1af310585d706c5319a43c023599137ad02.png,
9df61e61eb0ff029b05b4e0fdab199b2a207ff39.png,
9e1727819c3760f6339a490164b2d085a896183b.png,
9e56cd5bb064b926861c727f4c339104dbbd0166.png,
9e61048d714f20a30294582f53b9177882ce7d56.png,
9e651368ceb64204ee69b4db91031a5291158c3f.png,
9e857a7bbe2de7bef24c6c2aaa4e3cd38b713d5e.png,
9e9d31f8629d7573d210f4de44f9613c8ffb0d5f.png,
9ecd5431f282de934091c607c44091e5fdd15bc2.png,
9f49a7d4a1cf51d3103d02f60058680930413296.png,
9f8e7ee955530e34a041a810617a61ee14ab4490.png,
9f930202e72a39c1b2e233c326f8c6a74f5a00c0.png,
9fca63f9d0d6f37f9997fb3ca01b7e0eed1c7119.png,
9fdd3c2484ef73bd5fcbdcc08a713689345e3048.png,
9fedf3ed05d24df0d2bda2a970047bee3f80bde9.png,
a004c2ff7b1275ea84c508898357e9e8eb036023.png,
a00e21b377340d956170675fb52bdb406145f315.png,
a0a16ec71413dd1f5cc02a580f709059e5014861.png,
a0c2445420af22cb5e6907d543a03553f6df023b.png,
a0d946d7edb139c95eded3f721824222d26f1ea8.png,
a0f525467cb5ba27f944790b105a8fbc53d57dae.png,
a0f64a182cce7dfe26c12530bc58705ba84c8961.png,
a0fb06d40236051b516182e1208cdfdf7808bcca.png,
a103cd161b6fc77b7ecf3610f6c5ad02b9f910cf.png,
a12083e2ae3ea18d3a0a9df1ac328bcecab68873.png,
a155ffc0b3fcb330f9fe297c94dce53f64ca18ff.png,
a1560b4227b3e32fd20674a8ae7fd36c3563a97d.png,
a15c340518014f68773e0b2bd2fd3bc07204fbbe.png,
a1603da66a2643de5d1aed36729051a05f95c810.png,
a17205a6fd25ce9e4471f8a6980219ee4cd867ca.png,
a177a0bbd141f0fb4efc505942fc68119268d561.png,
a1cb6343a219eee304bac6d180571973e734655e.png,
a2073a23f540896201e6b1ef79fbeef1bdb2023c.png,
a208ff09c6748e17faa521f9d2f7616b3ee1cfed.png,
a20b073e5c82b1f3722e8bdf47494fc2a28a925c.png,
a2561534975654ef527b169f5962b6970da311b1.png,
a28745419ce588c52889a8b717a6811c4ce04164.png,
a30a48068a5c8ddaec1a057f8eccbe54fe502976.png,
a31113a0eab81aba1ca7e455ace0ea7ee1ebc240.png,
a32cebfa19fa165fc6e944a0994a81e53ecee9ef.png,
a33591e33263cb67419ab41b428f9da5d46e9a4e.png,
a3367fcf0f1bfca8f1d8c514adb694dd6b7ca489.png,
a342b5e45027f98d0e8aa9f4b7b68e83e1ea99f8.png,
a345ba8a419b3999799990acf64bc8b25b513c07.png,
a36efed5a9d4e96acf3198626facc0f04cfd9d1d.png,
a37959b9dff99f9f24d6f82321f4653d1b02c465.png,
a3c995b94222e495193670c79fb1f5814cbd0c59.png,
a3d0a0c3b6a185526b0efffe297babfad95bd230.png,
a409b729530b79819a22fdad8e6e1b843233b3ba.png,
a40bb7a34bc2aa8ba8d3316be64cd7beff19d27c.png,
a420ebc66ee6901d1d08e7afe9da6210f9c27c95.png,
a469a43c1f0de3dba1302ec8928014d00fbd140e.png,
a4a6359acc872506d36c6de5925f67959b0a4809.png,
a4c028bb8aeff7bb4b847cb131c4ea54d9d41c97.png,
a4f31a2a3af397bb902e56586b17f8ddb6122514.png,
a51718faf67df09368c2b790c491bc14137c077d.png,
a51a1c5feb90c2a09b0714691d14e83cfc77d6f4.png,
a53504c99559b3b3740a2d62fafb9de6877a4068.png,
a575206f36bbdd20a8835b283ef3ef80d446ee43.png,
a57b53c2afc1a16c77275c3ad309c011ac270772.png,
a5ab4ef562329ec1f4a3c5a4a768f571e936d7d3.png,
a5fb58fc8464ccf15e76e73f14bda37cff142920.png,
a622de3f391a57a0373d8f018fe18225beb0fd84.png,
a670b14627c039e9feaa18df50c40ff86708fcb8.png,
a6a150307eb9bd4856d09dcf60564b4829cac04d.png,
a6a97131c1d30bdc863c97a9596b7cbd311c772d.png,
a6c6ed2ba556dd3a9a58e009d10f6802c7159708.png,
a6dd8d63617ffc1dc04a2bafe31e4806e934cb9c.png,
a70e22195c15f20abab184f291045de7f8966d59.png,
a711ca580be0c209b8d1dc2fb5f1b7743fa13e2e.png,
a725a939ee327dbe859eeb477927a39dff0a5481.png,
a7367cc5ada168cb3e8054b382de8c2d97d3e44d.png,
a738b60bdeb0b0d87eb96c2cd206722163ae8e0b.png,
a776c6fca239334eb2b5fdba65a9b405db4e86c8.png,
a785a554058de5f515a37f5fd3e79ed699c0a7b6.png,
a7bcd9651c0d20b0177d6773a4dd714175419e70.png,
a7c2bc069c63031156d4a6490dbb37d7f2203e9a.png,
a7e1255fab2d2a19550887c94cb6a951fbd74a7e.png,
a80d32aaffba1bbd0c9691a71f48f7d0e70bc59c.png,
a815247f4cf1aac91221c1cac218a849e9535ca7.png,
a83f01bd64cb9c9706b5bc3ad600b2ed4a181d5f.png,
a83f0362e02f961fa3ef3c610362cf206541d25d.png,
a8770aeece7642375262bc2d4de5d49e51f2e893.png,
a8a46601e9a5d958acae10bb348954be27b88eef.png,
a8b676727be644504cd34c3a664746adf9f3099f.png,
a8e5284bf58bb123e45ede7039c3bee2f91d24fd.png,
a929a4c9e1c5d4618f56098a4efff769b498f70e.png,
a97cfef49a4950fc6747feb56f0a25ed7991e3fb.png,
a99371f60950d1de0a367f273fa8b8d31fb0a89d.png,
a9bb1666b3d8f4871ccb11350bc12ebc824063a6.png,
a9dd11b7daa7227968024385073c3e8a8d55e1da.png,
a9e478abd370d98302630bcfc05b9b36cfddb40f.png,
aa40a90163f1e49b69c53cb06ba26d1d5d4dca72.png,
aa4e87a828e23c4a59c26af2883ccbec89bb59a2.png,
aa52a4b794b24d86fd81635bbf271b5ce3ce5146.png,
aa5d2ab116fb5e3d6cc3e765e6d7d9af4b2d0178.png,
aa8cb944e9263543edc8d035920ce694ea73a4da.png,
aab84ba5c70e3b36db8d5edf40439e855e2c9c9c.png,
aaccd4a6bfcc4eae7127fa9a46e5315bbb617b8f.png,
aad06a6923eeae877e565ce1fcc9dce28ad89c27.png,
aad0a1efb05699850b8c2b5ed93cd1510413ae97.png,
aaf4d1d9df7220e2e9c35f60107147ac5d8349e6.png,
ab26bef6df93fb7862dde3f43c898913d9107c64.png,
ab2927955704a59d0ae8b54c552f3066472eab44.png,
ab8ebae35a7d65948b8a0621882c283391c655b1.png,
abc8fb2dadb9dd0eaa9ac1b71ec72c0f7bb52d83.png,
ac3ca58860f4c8531edc876aad945484955affd4.png,
ac5b6699a961618846127ba018e932ababc45c74.png,
ac6830c3b244d37bf8841903650b2cbcca36e738.png,
ac70bf0d4d0769830c18b90baaf52d84e45ed6fe.png,
ac71fcbb3eb5af02c40429bf326f46966a53ab18.png,
ac796aa6caa663edc7807c47cea931c34c167c42.png,
ac8f9c7b2eb19bc4ef7b49792d9434bc73778db1.png,
acb807d348b9c524f1d9bd4fe35497780f78eb88.png,
acdd3bf5ce506654c3d25da0f45e2b8cbf5233eb.png,
ad1daba7623115e91a6eb53b39f649033ff56ea3.png,
ad2ddbe02243fc3020e17c79c47a7083079726e5.png,
ad52793395ffa731cf8725af1946429b32edcb1f.png,
ad5b894e066f7ad2c5a923b674bef41ed574c3f9.png,
ad73c1a120a2aa24a7a76900d353fd59c196e1be.png,
ad73ed9fb434ef46d2b4d8b79231e89f6df1b153.png,
ad7c6325b9702d02cd952713786bc35bbcaecf72.png,
adc889619823c0551ae03e2dc146fde1f8e8faa4.png,
ae0838bd4c6ca8daf558661812018fa7ec4daaab.png,
ae41ebf10e46aa2d29a5e82afeb64ad8e4f3d715.png,
ae67ef7897299fcf103b7c255a77bb49262792b2.png,
ae73cf9795d527f22319737fe64b2dfb64ccb0d2.png,
aea8e9e652b3ab3cfee3717784a535423b061947.png,
aec31356b15e536375b87242f83afd730b9b2bfe.png,
af19839285169a16ebfdd6f0a2821d7c64928d9a.png,
af2a0fa9cbaa639f7e83371765080e60ce056532.png,
af2ab7cb515399e7e90de8e87c1fad40bed5d1ee.png,
af370a4dabdf643b2ad0737a6d68b7f55f3fea9f.png,
af40dc9122f71e0eaa8022aa2a986f84012f74e4.png,
af5e35828da2804adae6bee52b095e73a03c0912.png,
af76e24a3d9c62e3c19b25be71e96d1808a654bf.png,
af8f2ef924c2ce768eaf001b28eabf0eafb340b4.png,
afa22635631f0d674bd51935451d7af5da45cfef.png,
afaed8a503938129b7d433d5d10a882db3ede961.png,
aff58bdd78141ce37a338ab20deae7411c4da03f.png,
aff8068cd26fd5f5365ffb2c69fce9276a4a4694.png,
b010745451c290727b3db08545b889ea372e6f86.png,
b02485655000a44e421ea4b96cdfc16c32f182ab.png,
b02d1c0a36a97bcdf4b29ac18c6a190e6f21868e.png,
b046d614c2be44408cda5a8f006c0f4cab670661.png,
b06d98ff1b7961406a496578ff899cc89f7e084b.png,
b08a8f51a53dd1267a6a143527aebc132d3f63ab.png,
b0b1e1cb85cd3c80449bedd80673d4966aca9aca.png,
b0bde4bb2fff4554b654b858a3a102e4ab72baac.png,
b0c240199c4dba9fd6e3b2e6969c589992c28287.png,
b0de89632e18c70b5580afdf8425185d76997195.png,
b0e35ebf6ef3dccca556648d1987e268982f2c97.png,
b0e38d6894f56397602fe2b9b6e1ce20a4b94926.png,
b0e78daabd129da3e57b32631764c822b345480d.png,
b119cdc4687df15845473ff81355346a87f40969.png,
b12273517c4cc0deb33e02fe025c407b42c5f204.png,
b15c47215bd1fa70165100ea124b9f377a2de1a9.png,
b1757eb6d8ce9ae97523ad985fd7bb0bfa7c4fb9.png,
b1873bff8152b5d8a20448ffaeb6ee2a2fcc5bbf.png,
b19e86fc6b28b4e2c186c36cbbea87da7f37c299.png,
b1b416590a06ae647ddae3c87483d895ebbb3705.png,
b1d50207af962b4d9ebc531ca231a65b2b1da57c.png,
b1f836442f7bbc3e0b3370d0dd7e0897da7a4a9d.png,
b27acde22a9a9278c663ed7cdf6c897dccb39ac9.png,
b29d4ac12fd11d493ec0cc8d9d15cecfbc85dca9.png,
b2a0bb4a1fbd43f8a61b7e4a34400561b864da0f.png,
b305d7e64c7b7fa21e97a5b1e76aedd7801bc41d.png,
b31f83bf1f3e4a7b2e18cea0c294680a902d7efb.png,
b333a60d6430f162c6a0eeceb9166b79ac07305d.png,
b36317e9ea3ca7ffc0e3c03591017a01e29a72bc.png,
b377826fbe57a669a120c46d0bbf7925f052a3b6.png,
b3875395a5014eb8d9d6a9df5d92c2545091a653.png,
b387f1bd4f58bc86e9b31be8ab0ac99b265c4923.png,
b388a83adc67a24230126088f89182bcece61e28.png,
b3b51611701ff1e8e6d681f469fa71194ca52b3b.png,
b3c9937e06abb9c0d029c6f5159cb000f11dbbe5.png,
b3d87bfab7c3ae3b520070f8cad562390964c082.png,
b3e48039beb0a6688fa275bc5921794b70258cca.png,
b4076fd06d73076d1ff9cc721592382f6ac3219b.png,
b43611c9ad84690c18ef0012aced24fc438b83f5.png,
b43f255c8aed7f12e51b81106c0e59be3aca1e90.png,
b49b95a1b555c26d9f6893c2be695ff99947c1e1.png,
b49f8c8faa279cd587493d569eb5a34ce2945455.png,
b4a0f5de9ece40dc31bf17cf0c719955cd6b3a86.png,
b531f3caa1d755cfe89b32afd72d795a5224fecd.png,
b53d8c7a3fe2c114f417948dae561240fa2c21c0.png,
b5402204f75124ab68a1933d76850c3f32e25919.png,
b54d7b6ea9a55ee6400ee02eac04c0783c68a120.png,
b5506626fda91c3ab2d48a084b4210e03e739336.png,
b55d8cf28411a1c18c7eec0ea4a254f7e3af23d4.png,
b5627dc9dfab2887af98f21cc94479d7cc765f47.png,
b5a842bfe3e449eaa9d8d302d4e0f710d86eb841.png,
b5b664f53b2f17fad71b300ad2987be799757003.png,
b5ef0a38c939e2bee745f51df4395e69e0fcc5d3.png,
b61e9f2cba49818e6cb6d0247e5e1855eabceead.png,
b633525945b062424927c0ac4fc484a81e7bdbcd.png,
b644ae44be0357d99d4d403f27e82244d5a0b53a.png,
b6621226d2e18fc7dffe71c8d223bb4468a3b827.png,
b66445435c24ccb3610a03ca33fabae0698d3c97.png,
b7228666af322854ecf9583398439be618ef6752.png,
b7466f777cfd7c221942f7f95186d6169fb033d5.png,
b74961977d0c0d77071d5078d86f2e864f1b665f.png,
b74b7f5657b356ad9531cb0caf292929b13fb796.png,
b75455cbcb6e9f4d94f14acbb8a097a9a5145ce7.png,
b77a3fdc15c74f164f89cd7eae70986301a0cfaa.png,
b792002ce721d2e04d18f54e68449381035f2ef2.png,
b7bc651f619008f93ebdc225da56aaa8d9ecba72.png,
b7c08375993b73a002165e3591adb81cbf9d58bf.png,
b7da8680454ef0950eb51411fb91c5a6d581c038.png,
b7f366f6183f4353f034efc09e0bb86ddc0a4651.png,
b81b6b12fcb46f0991f629353c07de8efab50b2d.png,
b84570093ce99b2b949ef64a1aa0d17c50ed8c6c.png,
b84750ee469f1cd68a089eae5529e32482d56786.png,
b87eec7e925dcf43c7bfde26af7297e031892604.png,
b88e7835b9b55fe96848fb11d987ef9063bcf2f5.png,
b8f58522ce7a7ddc7662c1b322a7cbc085bf3e2d.png,
b93e81d98612ea1568077d18c8dc054571f6e93e.png,
b9587e45ad55e0db260c9a0217f7791d0f5b9ffd.png,
b966c794ef8d800cc0cbac0a673104c30574aaf8.png,
b967db801c997b6cac2cb2bd7ad84f884df876ac.png,
b9a776130c44541812da168eb0f8b801aad34631.png,
ba965cb2557720f56fd6a0c262503c1cb0c20dc3.png,
bab22d8ec973f95222965ae373760602d045ccab.png,
bad8a5b5b6e49fb08ea0ee8c7901a49f948f49ce.png,
bae92122d0bd3f8ed0e2b34a1de4e1cf1a013a30.png,
bb28f555011746910ef07c1104fba53ca22664cc.png,
bb49c8381b1a396f1465ea934f9ffb56a91190c9.png,
bb6513d5774e69c12360526a0af4e983e2967d78.png,
bb7edd8aca2f7a2fedd3399ead7dcc2292fdf96b.png,
bb95b29fed27e9e709bd835ae9386ed6ead80c7c.png,
bbf0622a9646cc2c8d00bf5df4a1c70fa8e4b5c4.png,
bc07870c89e556b76e17f03f684f0c73767dbd75.png,
bc0b9b151e03533ae2472bc37c66a591d44e04ab.png,
bc619ab0570c57898f40385a06c4446459a24cd2.png,
bc6cdc82e9604752bcbf5f92a6d1d6e447058981.png,
bc7243dae5c2c71fd12ca2040a1e89c898af3024.png,
bc9d3bac25e774925f59d15ce08d5fd2c4a530c1.png,
bca532b010b1738d98d322fd5c63abe661c7cb2b.png,
bcbdc86dc83aace1da871ebc1bfbb2dd9964e997.png,
bd432bdac0ea0d992a242d37555c77ce98c9ceac.png,
bd56aa8a85c7e6000757b2350ed17b39852bdff0.png,
bd6294cb12072b055b2460a95741cdd50b3908e2.png,
bd753a6ee354b7f75c452fe99febe419b1207ab2.png,
bd8cf7740f7d8b5d0060d310d60ae274b710115f.png,
be0ca998821898de9aa1b0a0fb9a3137ae35f6bc.png,
be3ac25295542d3c93d3a7b0762393a77ed64b13.png,
be53d73e17ff8499c4ab12f3080f0faa0884b590.png,
be6816880be15180a63c5a5efd994242e530859b.png,
be7d191eee3271f2f6a622001c71647f43ba7620.png,
beba8094b449c9151bac2857dfa4721aa75f9c17.png,
bec1319bf937f05227132bac0085decda204110c.png,
bf27fac0ccb4dd6f6bce4235d8cc7cd15d54a291.png,
bf3d4b339f4a1b80447a9e917455c6752c49fceb.png,
bf67ed6fd340e0982ed9a67f72bcb834ae7b96ad.png,
bfab2ea74df15d9977b7800b02cadcc2392a212c.png,
bfb02fb9c8927e5b9c0159582fa7975999195c75.png,
bfb8387209b7889ec81050cfc88c16742a4e7a79.png,
bfcc4cf2302a105981aa80eda5d34fb4d8dcb9ff.png,
bff466cde8b42ad24ae7330350c544eb3acce2cc.png,
bffd6cf6398923adff6336721c44520a498f47f7.png,
c04051a18e7878e6acef412bca4151a4e2b6f12d.png,
c04780220993d70f2eb5cfc601f46e8de01f5e51.png,
c0494248f70ea4b0f7eded71f5b6bf9edf8b8323.png,
c0631c45c4ba94ec8e3738cadc0c78fec7524047.png,
c0ad58c8a277da356abc901a421a13bac26085bb.png,
c0c6e36ec0db85cb2ca0cd700e1442458dde5e35.png,
c0cb63f8c5636b90311a3a0bfc26a216d80d2e16.png,
c0ccce11991b6dd302978007939f841e173dbe35.png,
c0d55f198e7bc4563ace92dec5aef2c1223fa61e.png,
c0dd69dad2efcc31101b88e24440e2cf5c73100f.png,
c0f96c59b0bcbd266162567626993d354905b647.png,
c134a7061f904819da6d7e6379b6595211ee9303.png,
c147106a09d382a701f608ed261cc35ad7f21200.png,
c166ad2c7d16089d72c2eb738c953ee9fa4c505d.png,
c16875235ebd6cd39d7a8d4b9c43ee544a699b56.png,
c16b399ddbe3a86b8943d00c44242b67584f162c.png,
c1ac0296d25a274e857d10b09305d4ddb767444e.png,
c1ac14d71cd1cddfefe1001a2ac519ef5a8302b5.png,
c1d624200ba6043a2be1967c7576f0b2da2756fb.png,
c22b5ef7939d02e23dc662a3aa381187eb24cd59.png,
c244efbb29e368dfd94dfbb82764119221362fee.png,
c2762479cc7293871f6fe5ea4e5e6aeb0335eadd.png,
c2d153029491f11ceb25ab6c87e10af40a3eb6c5.png,
c30e66ab493c223871de62485931da881b950876.png,
c319316eb621cef91a4b3daace1acda6cfa35dfe.png,
c31b576fe70b4dd1222ac4abad4d2ddf53c8440d.png,
c31c51bf5a92cfa01a27c2c6b5db78945ba9ac2f.png,
c3352e6e86ae448627c40bbe1665160070490c22.png,
c340c6075aec4e3849e47545692b734801a356ce.png,
c3c61db038cbca303361fa84a19de628ca588c1a.png,
c3dc959e86d42b37ae6e3fe086f68e310905a055.png,
c40ee690cfb179842615cf61f3d70afa99ddcada.png,
c441ce4c4267e98d305fd9e66d4d0be7e66dcb6e.png,
c4dbeacb975c2eec712ae8f2333e187086f47aad.png,
c4ebd62b6bb0069ef5aec0e210d22360cebb7d65.png,
c4f26388e37ea4588036015091b04bf39d4cb323.png,
c4fa791c978b51f6c1f7eefa5895d2a4077461a4.png,
c5957d8f2bda9daf709e228fe90b2c8a16109788.png,
c5d882d3d66ba04f300fc27fc36f1385871670aa.png,
c5d90d9e11a854395daf6260c9bcc81fa627639e.png,
c6247935d7d5ec1fd93262bba004c35d751eced8.png,
c69d6b38e4c80a3aeb2818d89fa6a67b9cb84c3a.png,
c6fc2ca67f52194537892ac03468af2f8c20398f.png,
c720f2f067da06da8a235f8b35afc63ac13868bc.png,
c73da5a6b2d00e47c23bdf0a4039a1d7356e523c.png,
c79cf8a42429520cbfa2232778ae62232e5fc9dc.png,
c7df2a61d190a9969f6e349fb688fb5f7d70724d.png,
c7e2cd06b8f77228a5bebbcdf569bae635237517.png,
c826ff7b068d6230fdee64f2cb05ba56d5ebff93.png,
c849b12d2554e88552266310a6abc9112233474b.png,
c9518b4b20b442615a5cbc0c4fa544473b4d39f7.png,
c9733e0ed14fb5f87684f4b5e15efae1f029d913.png,
c98a11c0e8358724d7f2efe81cebf973a47b70b3.png,
c9c840b330383d61a9f72ad9dafc7a4a0e9ddffa.png,
c9db8d667278d7ed376395aae372ff1ed0bf87ce.png,
ca1ad801fecb5c2176167b4a489f7e45a33b3792.png,
ca3b1fcf95f3a653828dc59125f6c2610f22f821.png,
ca65f032f5a1d6886a053f89422eb8cf64f7c1a4.png,
ca726ef6db0a95f0f749637046b5f4fae23242b3.png,
ca9f86a6490307e215e910892bafcf2c62081f30.png,
ca9fa3dce835cbf28c1c08f452a54e673c9da5c1.png,
caa3ff24f7025c678b9816c037d4f3fd7a18becd.png,
cae16148c71369e49566c6f237a9433da0656c2a.png,
caf9addcdad400473a38e68186d7c532e687ef44.png,
cb0d83cbcd86fc3a6b7ba5f4f4accb7ee9a9e5cb.png,
cb5d2d81654445d1ba8d6fde88e05923cc045a6a.png,
cb63b503a9dbb77bf7f495cec819b89299c56e3f.png,
cb6a99a9a51496b7ba540f4cefa172cbaf8e3839.png,
cb8ae4ed0cedf22e29e79d14787259442d164901.png,
cbc86e5d6e1abbe068ae3748d043580ea720a0c6.png,
cc0a64c7e34abb979974d66ad147175f8b7cddf2.png,
cc1cdddeb9c6180972ccae9bb63fa7bdbf33d60b.png,
cc327a0fd269a9cf6d7679a38c811923691cd3fc.png,
cc8fe42cf966a4e06c77af7a8587c04d3c0a70d3.png,
ccc143931b960cfabeabd5da3cf76b14479d8d3a.png,
ccc23f2df6f37af1d3260c13a751627373c7f841.png,
cccb1fdf5bc79eadefbaec4a352976a63e0a47c0.png,
cccc53be685f1bbe3eef0018b4e15852671db62f.png,
cd5e62b936c1a6ab34be52501077ffe98830905a.png,
cd618f50caa9bd95e7126696b192b61cddd4bf6b.png,
cd61b5eff90af2f0da541578062844b954ea8b07.png,
cd6c059e2364186046842eba4371289b5643cfd2.png,
cd79d15ffbaa0b4b96b064ab9066106537825a3a.png,
cd96ccb67514c815bf24e9392801ae8a454775f3.png,
cdb8793506261f956859f3213326bce14aa86aa1.png,
ce330eb9ca1c817aa2e764500148c505b7ae00aa.png,
ce900881de81bc8f4aece45a0884c82839361321.png,
ce999666e39792816ca3908c80fbc593b061a54a.png,
cef8ad26b18ff1e56d4ecb21aa83cf76ee96bec8.png,
cf0a03b6bdcda72cd9ddeb0ac7c682e6f28c4c2c.png,
cf1ca3389ad6ad6b1fb5bf4d7cf123edcfab2ec4.png,
cf2997cde406e1db90b0647f21c3d22cb8b62026.png,
cf2bcfc7cb2850e21a3b948434cbf6612e4d85a2.png,
cf3b2722b6d895cfd77f9e52f897e2edcfe599f1.png,
cf5ef2c88d33a46930f4fc4b4fe8f0f18476c34c.png,
cf742dd8fec9f5bfe857b5c27600c3dba485acbd.png,
cf955806acd89661b41d28a16c0c6878aaf01fae.png,
cfc027ab3ebd85f9333cc17ddbd8436eb02b9dd3.png,
cff156a4afd339f894e13ca3e90424ea0f7774f6.png,
d02116954c58e15e6ae96e2e92883c754804a4e8.png,
d04dc518e9bd3dcbc4fb3831ede00c8e423896b1.png,
d053255a47b4d30170f08de5a10a1b134fa5a17d.png,
d06870d39e70647cdac1a6f742fc4e489a92d3a2.png,
d0830b0798cdcbf8e6961a31fdc10dc9c53531bc.png,
d0a2cdeee952b3b341a0f0ca4351ad445ecfa9ad.png,
d0b2755b1ae096056b0cfcc22106d8519c93be2d.png,
d0b3293dd542cfe4395a89e026d56c7e3516d509.png,
d0baa60006cb8a9f424f38bc3b3003b0fc2e9a30.png,
d0bde16eb7ce9d60058cf38d12910baef3228c3c.png,
d0c2d03630177ee25d5970ca673c97858f22a4b3.png,
d0ecd3b665c578ee14de34c160cfe100900bbe90.png,
d15a925dc5fe3b8b98893021a776d5d328e5bcc0.png,
d160c42d4bead60f86ae500e93da686b628e912c.png,
d18efbbfb8f82dc2aa08c9239bafa7649e940a38.png,
d1c2883501d0dd38492c25080dbb3408c07539b2.png,
d1e8b7fc2330460eaa6b3f6120dac06aa461cbcd.png,
d1ed14eef2da8f052e310f6c1b885d71dbf35f3f.png,
d1fa7588c4e768527867340c0650e2c486f6bc73.png,
d22e504206ae9f96dd882e745273bcb0fdfc50ff.png,
d2395d55cf9d3cb141eeb05aac66de3bc4869a42.png,
d2509e8b921d7b1664f579a62337f383e2e41849.png,
d262f5dbdf3ea2046c632606e4599633b271785b.png,
d276aba67aa9fc12522268ff6443dc2a78d4749f.png,
d27adff32aead2b9e55d130e2dd2bc916e24dc7f.png,
d2dca91f84eaf1c4f4548782f78c71444720319b.png,
d301534bf7be6991f7516c9b73390cfb0257705b.png,
d35714c706001cc4130d00572cbe415baf7283b0.png,
d37beb74801bd41e3d218739161612f6390d60a4.png,
d3a909e98450fbb047c32857d31e215b44ea9adb.png,
d3e53952579c5a8c8254879a28f157046c519a3a.png,
d44089fe46203816b49ffd050773706f2031823b.png,
d453b2c6b6b99642f03f32e17002adb3d4b3667e.png,
d470c3c5589a36009347bb183f111a4571b18879.png,
d498d28aca79b9644aeb587340286189d69a428b.png,
d49e2b58aced0f647330433bd5d8abb8a212e20d.png,
d4ae01d24c9d051274490ed63ea4037051a2d5d9.png,
d4c6e58fcd3631d13c8f73e5f7f20209b6256194.png,
d4ca2b8aad03b82a2263a476d7f44346a3fa372e.png,
d4d8a9b1be4f37387bc8eb849c6c4f7669afabb9.png,
d4e6b4e0d74bed89279761ebc9891f7bb2c34a4e.png,
d56cc5bcab338d40e5c88924de8b924959bdeec9.png,
d5c4f684dcc081906fc9a3edb7a792c51d096351.png,
d5f6f2ee15297ba8043affab7361ac18272ab6fa.png,
d5fb10651f7ed348d03e28c605648dc2c4673fbb.png,
d61e867dc68a93f2a054ea6ff8a091f2e9205c41.png,
d638754b32ab82f5e81543bd81e2bfcf4e2b6f42.png,
d63adbee86eeacd061fa20fa959394a970a24c2f.png,
d6685ff18300d3fe7975513b16c9d22fcf319fd2.png,
d67982bef2475a17ece5a5c680d1798f3c9aa7e0.png,
d6becff16e030596f91876feed9bd78603e53f89.png,
d6e02f17b7c2e3b6ad0f72819ec59396413dc7da.png,
d6fe8103e206c5fdf2781c8ce2fa636fb02b47a8.png,
d702ecb2e7d342cb0181709447de8723f881cb08.png,
d70e46b1dd7536dbf27de6e915b03f030f11ff9f.png,
d747e8633250f89ca332323733bdaa29031ed775.png,
d789166a6e782bfb9f8d2be378ddfddbd56593fa.png,
d7910eba70eecab97b6432e728a16dc1d4c3e2cc.png,
d7b8951b4fdefeb8c4ede1eb8408c647d799628c.png,
d7c2928012fd39b98b6a67b3c5ae4a41143a1044.png,
d7d459ad585f0a0679e7126baf61739d4b46c709.png,
d7fbf98bcc5dbcd643133de35ef4dc06cc99135c.png,
d86f24d10c2a1f2da85592c56bf735bbed9f28da.png,
d8ac2cbf1744fef57cd64a0c0f189045e4252576.png,
d8cecebed86139bb2ff975f447abe5f40deb3d6d.png,
d8e9c48923f4293ad1b4c87b798287478e23cefe.png,
d910016f73ea3460497a60be0516bcc3a8ae7719.png,
d910d638517444cfb0d255313b5cdd27ce982eaf.png,
d956afcffff4b11e5d6aa4e997c30f7d5c0bfb7a.png,
d96d8701ae3bd645478f82b64a81cff631e4523e.png,
d9ddd1bd0c18e1edf0bbe5f9429db18875e67c9d.png,
d9e9a0936e2cc0ef942c46bad2092258ab94cb52.png,
d9f657ff5b09d0a90eff36515f6c481f79993d6b.png,
da049043fe7cc41a218732033bc4008cc0aa9b6b.png,
da0c0660833b27d62dc75725ed5d9b94ee43d94e.png,
da9905122b36a0000da6859ab94f54a9eae00c89.png,
dabb91e4389635e8c4896c4ef10c74354f5d2960.png,
db45b6f0ba4d614dfa9fe8cf07556e93492eb233.png,
db492bf3b28e461663d3fd6d148a9d6a7249b33f.png,
db5d9f0d913cdc3b58fde2c02a8f261465410b05.png,
db691861de18ce0d191d41867e020992ada0b624.png,
db86312c48c733a168cf22cbfde1ce5cce4a2a6e.png,
db9171bddbbd78fabd98cd2df0e353b050c6a75f.png,
dbc754b829b724b395c1ff9c21666bcbd4eb307e.png,
dbd67e85e9193734d65d57279c25f618305c905f.png,
dbe5283053f7bb0360f4ae5e94f6ba93c4107e4f.png,
dbe6c3f14231719020744ca726a1a0f2dae9c726.png,
dc5370d69b9831dc17d02cc8ba2a8c599f4a5329.png,
dc7b662c0d7540dee8a27c5c21ed29a4ab2dec03.png,
dc90e2d7fc76cbb6810aee87386a9869cb5b53e6.png,
dc9ac62f976c1ebbdcde587f0dca580e81f1f8ef.png,
dc9dc2f32c6d9e1d404b6063a17552098d08bf4c.png,
dc9fb6aeff0685977c0db1d87949eed2c92fec66.png,
dcacb4456de9febc06786aa27b63700473a1b6ce.png,
dcc98219c388f224ce9c295e7215850706f9836a.png,
dcd73fbf9f22e65acbd3ecd7337745201f513704.png,
dcda2b96a397c9f1d52d19d80c73592fc666f5be.png,
dcf7ca1e2e3b50ffe154f09bec6cdfdacc8e111f.png,
dd0e50268173047935c6493610f3f7ed25ce727d.png,
dd22a059d27300e32b9f694b75310bed3e91cb93.png,
dd3d4b303b9ddd6c3c490ce48297c6823236fda9.png,
dd6675934c5de654da28f02ce82e6f90b3256915.png,
dd962a4e9554d9d0bcd6898e1840885c63a3db41.png,
ddbe62a0477c8a7885bcefb1b6c099a7e0ff585c.png,
ddcdd54d71bff51f5c229936fb7ab1213cb03139.png,
ddcfd68d7053a00c53be47199af10a6535fc486a.png,
dde0c32f970fdd1086f6a2db798bfb738952e545.png,
ddf5f9ad875c092073529f743090e871b8cab8f8.png,
de02e6d8a0352ad422aaa5fa783877c370df2af7.png,
de1385938f661bfe0dbe34ca1c51d810260992d9.png,
de18d730d2d7401a8778ec6d0e546220e07e2378.png,
de1e4e7d7663ea3d1826bafa5a4649e1aeec5447.png,
de4c096a788235b1864f5628d93d9ebc4f3f8d01.png,
de822097ec6a2ff63117b94abdf72c8137ea151a.png,
de9d1ffd0ded57d08d9fb47800b2e83e50dc3b14.png,
dead2d85f1337e60f55c8a2168475ef2ddce331f.png,
deb729f5a4eff69fddb0125f862a16f779140915.png,
df09dee308779bde3cb51cd4b6af80bf32e4a862.png,
df0b4f3b4ee9fd34edca16f2820a32bf4dbdcdd0.png,
df23aa9a9a8979ecb472b377b8e3e258e8af3b02.png,
df738b819d45eec91362d726f501317d38e57ba6.png,
df8642986f136af8216a8c8be772711756ff0605.png,
dfa380aa653ea11278a1b5dbdd53d4f35c4c6bbf.png,
dfad756b2a191b6ea05579155fa6112627a0fd03.png,
dfbd7704bb09c2135b646c50bfce12b690c68793.png,
dfc369204c59696ccd7a552234f1a87c392a0738.png,
dfdecdcccf66fceedb2d04207b2355d8340c37e1.png,
e0027c317dce06acd23a3e3b95dbe5634df05f61.png,
e01d43ce45d4caf0ec79e1b454641dd5fb092948.png,
e0905a33f6c174c414de40e1949558411f962c0d.png,
e09a69116379b6b5e156588a6da6959902c4cdc8.png,
e0e84c2568c431eb884a180b8941b8641b6631e9.png,
e1117a55caf1313d21e73894ae5a334013ece044.png,
e170304cd78779a66516ee1b550fd6179e0b371b.png,
e186a2e5e72989abfdaddb7179dbbba0fd5fa2b5.png,
e1891a21b3940ca3001a5ad2c6aa4d82a2dbc4aa.png,
e1ba44c50571bfbbfaf34338d89dfbd7e41b7833.png,
e1bb275f2beec4ff802fdef107a612c400c42dcd.png,
e1c85efc5ded394976aab92427fca159ff71e18a.png,
e21b97da070e0343a66ac34ee87f3fb9f2dde263.png,
e2403a5e05991b06601f52a214deee30038340f4.png,
e27cda1024eaff523cecd08228fa0e01c05483c9.png,
e2814737eef3441139516d74b4af1a47e90eb235.png,
e28b868b41b7380d7b8ccada295b9e6435c1f53a.png,
e3087627530e58185fd92b2b41d3fba2d43e1a52.png,
e34eee993732a81164ebecc51b4b1c552a01fa24.png,
e36876cd99ead92559476d53cfe1d0ce69687820.png,
e3aa98af9f8c293701c66b007e065de49133f715.png,
e3f8b0816a85fcbb653a74bf5e49e6ae04ce40ee.png,
e412bdae7923c405041af653d87c2d7b7f0736b1.png,
e44bfb9b522f59685e0ea0312c93b87d1d670a2f.png,
e475929dbf35d0c69777b7a0997d65a528185cb0.png,
e481f3c3757adb958dece07fec683b61cffc889e.png,
e4b0103003ca3dc1fbfafde8c744eb883d2fc4f3.png,
e4ce5d76f161b7ea9ee19efeda9f380d79daca76.png,
e4efc1653436a50ac4eb80b450778b9d85cb9bb5.png,
e53147cfed3731b2691947610db95820808454e7.png,
e537dd9c19dcefb1effa272587e56a3e69657053.png,
e53d24eaf18880fcb05d13f4f170b6c9599e5296.png,
e540314096b5118b81c13c3535560a08dba1c2fd.png,
e5788cd681da6416b131120930bba05f06f7823d.png,
e5ce4eb937604e27661d8bf4c104d6e10d4bbf25.png,
e5e32329ab9b3f4195b204481c0b1096ffcc595d.png,
e5ff381a4ee92af2b08d463691f841fdebc07436.png,
e65de7a893492b98beb60051792341cd5118e1d6.png,
e65e4cb8c23f22e7c3e564992ad70b7afecfe362.png,
e67d0db436168fce070b1acef258f8610be433c3.png,
e6e66b9a47dc5241fb54f55cd8f8eee8ff37fcbd.png,
e7238f9940538becc60ce2572f6b2413c6ac0600.png,
e724e8606a8d7c26e456dc0e823cbf7d9fec576a.png,
e7569e4301eb6dbb14c92142332e27da684e941e.png,
e791de0bff3ff75f1eab707f57af1486fd2b87a5.png,
e7d1c7fe1ac695fe5778c180633099ff204ed5cb.png,
e7fd6316410496aea07a61d47bcecaeafc86142f.png,
e81d763f4086a39b223a4048377e4144bab4a44e.png,
e81f179bfa1341a9d35df5369b1e8cf6022d8721.png,
e84445dfa4f275e0ec0f3f0dfa266152df1d5a11.png,
e848dd8a36e5fdafc808c46f1b34f8203ba2ac8d.png,
e8b5d843e4c56755ed81ac6260669aa6a5c61b83.png,
e8bb37e01c9b870c70efa22356472d9b1b0e3c06.png,
e8d100fa333603fc820b109086b0e117f319f50e.png,
e8edd7ba96bf15ac220714e3d8ca400b6f61a95a.png,
e929247bec036634eb1444f3ee4a421c2a1b78fe.png,
e970c0d744833961f9e5ce365da07723c74355bd.png,
e99e7d764625efa6c0ee21c97119cf3eba4c14fd.png,
e9eef444f03793347f01ff56ddb39682f574eac7.png,
e9f805fa7cc3baf445b2c51ad1bd7f485ed2741e.png,
ea1a9649a544deb5dc323adab377cf2e4a14b9f6.png,
ea3d97dd02023de7fb207f20dd1c3fe52db2f714.png,
ea6c76ad78b4bc3d2a3235f182e06c258cd5609d.png,
eabdaf23e1284ac27de7118c4b1448be1210ee28.png,
eaf89b10ff872c9b39d7ccf1c676c2c7bbbc2318.png,
eb4c32fd2f1d8e204414c5d028f0fb55dbc1874c.png,
eb6f3e614ede480671237a68e3410800df0f3a55.png,
eb7032ae506132105f8bd89dafe9997f446a8423.png,
eb9ad64c56c6db1532415f497379b2364da4c36f.png,
ebd79a707b4a9330660794b87ca15bfdbf9894d6.png,
ebdffc0a10fc1d618a5653e00bdde95d41b58333.png,
ec1420404b62597a967875acd83c9fe111ffbb1f.png,
ec3a352906c67ab401a2745fc42e590f8a6d2039.png,
ec536b77a478f9bab89ba7938f66dd54265dddda.png,
ec62ae18e6ef62862424713c05e4149dc336bd49.png,
ecae41567046194538da4f54fac6f6e34b842392.png,
ecb3a91c922af44e86cbdbceb475cc317be8136f.png,
ecb714175d9bbadce181a5030a24664a6a1e27d4.png,
ecc482d33793c3b996b6900ffe61a3d027c45357.png,
ed9930eca47f8fbbccdee06af951a773232140ae.png,
ed9d9a9d634c1291f4120f273dffad2fd6d6138b.png,
eda42f700047fb64d523345c84f2fe283142b3dc.png,
ede8394850c9d017140aed6e37421005ab7f61d3.png,
ee13642bdfea3a08859b9364ef188ff96faa2985.png,
ee3126ecab32657dd0c75b2b74ea0d7a077ce983.png,
ee42b12e20e0457c617f78dfe1b072a50b5fc030.png,
ee70e43c0ee3bd8bcc49930ae6933e1d17044369.png,
ee75fe9712fbe51722424d61a9d21d08f47caeda.png,
ee858f13a1451b6a90afe806805b3c611c23ddc0.png,
ee9098b8e58bb62e60cb4663e6dbd1fb2a73f096.png,
eeb06e6a61d2ede0d1321dc1f852be3d0e88c63c.png,
eebb528cadf7a94443d3c65ee5a97eb4b4c19067.png,
eee26f89e3b9b972f793512f9b64f0a4e9b02a5d.png,
ef0386cadcc33fccf20b9c3f93448a3616e3a0d5.png,
ef047c4bec82f97cbd23c098e44146966c6a5c1d.png,
ef4cdd57054553485ca6c1aaaa6ccd2622b3c0c7.png,
ef4f8b079523a45d5ba3da4993a6edd8325c5b7c.png,
ef57c001b554df921be61be50fd3e467182b4396.png,
ef766db184259df0d79f74b7171fe322a93f30c3.png,
ef833b035cf7878152dda6b17e6b31cb5342822c.png,
ef8c94f1e83ec3a73c080141d6bc1063c70285be.png,
efa617aa7a80df3a07b51d7665b2f4c8c5136ac3.png,
efc67cb60cd6d3b23293ec0a0e2d235c6d840dea.png,
efd397b5e37466dcc527416e5a869206699edd87.png,
efdb943b50fcfecbdf1587d9292bf07b19dfdc2e.png,
eff37106889ac9ae0bfa9ee6e3cf52aeffa99675.png,
f000c72822ba557881498fafea710bdbd43067db.png,
f05ec5f39c5bea263903d84f672d12417fc71503.png,
f074eba809a9f725b3e6fb942d2cd5800138ff08.png,
f0aa79c51b75ba130d493934d2cecac3ed5ecbc9.png,
f0b15590deb9cb6b48aa298bd16ead915f91fb49.png,
f0cfa777e62a0e7ab0016cea348580dd8eb4f811.png,
f0fc631b4b330f65eee619950bdd234a2594eab2.png,
f1345cef4de843002be9867e97aecc6142b8aa2d.png,
f146952644f1f9e8784da8c37d0aed0933ae78d9.png,
f1763454abb0913d8eba98f4c5ec0546a953881c.png,
f17a7706e921107ca99dca5d918d2ccc770f5688.png,
f199fea47a4eb73568ad1b9c4cd71ea8a69c22b1.png,
f1b414b99e8eb4bb93dec3b6ff7b6a0b77b09578.png,
f1b7c0fb59dd98b3be9234d83e568070a74b82e4.png,
f1cc6e8c870ab239396882853cb95340671288ab.png,
f2067c459c7691a04b95b9b4fefc3ede2cfdc723.png,
f25db46f17e54987d39592dae0c491e6478207d2.png,
f29fb59c1b261034eaed07a5c1cd2a3130b72b8c.png,
f2d3c80e8843d6bd2dc555c480bcc1184cf1808c.png,
f2e20112a8b1197a747556210f0099909d4b07b2.png,
f2fd373725df1e874e25563063da9f34246619d6.png,
f2fda48b8304ecdfc3bb5019e8150ff969c394f6.png,
f3066062b278d3524d6edfc8ec203cc56f760431.png,
f3315b678dd9ac2bc28242a5af1eef86fafcd796.png,
f338e1013cbedbec30f661261103ba80fbeb9478.png,
f33f7c972036a38ff3b6c746e1cb6b0b23988ab1.png,
f34eef98d8aa9fe0edd72bf6d45bc21c139acb98.png,
f358b33143e9cca0143681c922142d2f145605b1.png,
f367205db7840d6faf948833446f15a43548a83e.png,
f3878494835567e3a8463d820a539c8e067bbbb4.png,
f3a1d063b6be8c7bf1994aaaf21077ed1e84c32c.png,
f3a9bb2461433b2421f15184d65aa0655628e3f5.png,
f3fa5e3b7ace6a7c4ae62568a604854fce9f5ca8.png,
f3fcaf86128f37571a2c0862072c91e5cb63ff2c.png,
f410a54b97d58ee1884cd866ee6c9cbe5f35c138.png,
f41b0297dad27d6a479d9a148116f143192aca03.png,
f44408e0190ba327c7c9e4063efeafcd6c79451b.png,
f45d0b8a495408a6210220888ef937c02b748dd1.png,
f4aaa3776c87999bbe3bff6e2408a497d4391378.png,
f4cf5f93113e1f33149e72c328215404456ede3c.png,
f4eac0f952c60e9443ab25ff4cd0f99258de7d44.png,
f4fba53372d9e79e83b1e871fddc5144fa1e8a44.png,
f52d34d9ea11ba3e64aa449ec3092d5bbaf6fca6.png,
f52d5961bc2bd66e364d75d7aa796083df4af10c.png,
f550ace79cac5c4930de852dade33ca475d682bd.png,
f560c7acab6b8b2b613460199afd98b9b9e6511c.png,
f584a16ea774dbf4d28d0bdeab7b73c216a7c3ef.png,
f587e361356afac2b616ad0189b4635be234ee8d.png,
f59e6cff0fa0d4e2c9eb018798a1605f13fbc03b.png,
f59f1e2f9eadfb66ebd95cc78ab80b34b26fc90f.png,
f5a099d84e9b0259de37eeb2e0391fd824b6611a.png,
f5d85b3d8d71ec6cc5e05130c220b965a5c18047.png,
f5f05e345de0f0c1e3ad6689beaae2f5875ac1a8.png,
f6379055ae75e1890689c7f473f33e689636996a.png,
f64582953a6313f31b20b017ed00ed2c4759bb6e.png,
f6471a47120d3a75fc0764f160d463d0f208798f.png,
f658c8a306f80f7ef0dcd3be391bfd5a01c43cbc.png,
f6758d2cbfa045dc7f06115aace38cd59298e5fa.png,
f6b3945c478348d3e82b6439468a9aa1b8d65ca6.png,
f6d01ae49e12a15aea4bcfd8190e8d89f259a16d.png,
f6e9257998fdfbd213b3869b5da1a417caa42966.png,
f711814ec8f0dae979ad44c3dd609a13c15a1f58.png,
f7172af971b4f027925733c89da8a79974060681.png,
f71879b9e4d514dca4fce50fc83418c98c525523.png,
f7283881b71cd5958912081bb1990e610ac08304.png,
f73265ae62a8bd5f2da3426c9fb9fa1bc5ba6e23.png,
f74027207d57ae9fd664153e68fc25cc44035c20.png,
f74946c6bb9d345a832b6f94fe4d099de5945c7e.png,
f76903ad92520d04b249e27479e98914e051d9d2.png,
f7d8c77157d60fcb59fff2f0d290d84bc5c641ff.png,
f7f36c1eba26f758d015e76f48e73aeb5c4864c4.png,
f7fffd1b13455ce0e4bbe5c54f072f64495fc22d.png,
f8172c319cfd47433035a44d872cd2d981a60971.png,
f82c0a130c434fe43784d624ad406063fd17feb1.png,
f83e83e8ba2613c84d5f96f2d958964af6e03712.png,
f84c470f97a24e7f436026f6cf0c1b162c8b54ff.png,
f867fe9736f043f87d4dcb0f87ced405c0b962e0.png,
f8712f28b6a89bcb41e00fedc77c681866d23d4d.png,
f8a869010b4ea5c1d665b4992e1e618eeb3ab5fa.png,
f8ca8d9e343c2b7ecf8438098f7e2b068ce7c8fa.png,
f8ccddc5b32d7602658f436555d03cd57d37aab0.png,
f8d29c14da77b74748e81622527aeedc1c1e5b09.png,
f8f6ef6a2a4f517fdbbfa6ecc3922e9de6050a71.png,
f8ff627553d999ec20568eac0a96f78ee131f813.png,
f913427c09aed0cfeb127848fb72201c35871537.png,
f919ef9c87c9d272fd1b8f4c5d1f75f9b86e71b1.png,
f94fd04c4775de006522b4e3b6840b40cc645723.png,
f9549ce3fa3050095dff9aca655f2057d9d155b0.png,
f964b50d44a2a5d338c2b4528173c4a02659981b.png,
f96bfa95577665d1f6ae57429853fc46b9d44c14.png,
f9794b74c5a3e7ab8a3d2a32984b5e747203128b.png,
f9830e2e1cff9bafcdfb6ec8709b83c53c729718.png,
f9d36e73f899c60ec990fdafd5092330a34ee7ac.png,
f9f70a1785d3c5d64caeed868edd4e1c71668265.png,
f9fd7d04cddd986f13a5af0ad9b129ac12ca3530.png,
fa09f10e8d13002bb76fd9a037ade3cebfecbd8b.png,
fa22946f24b3a61575b68a6d0c88332b33ead202.png,
fa456990cd891e58385865eb299ae68ee3c65f59.png,
fa5cc69b2832086a97c6e03688c18580ffbc8940.png,
fa68bfb84a80204be29ddfe7b63e3866488b112d.png,
fa91b4a5ef002fe7a09acf525cd18034eca6efe2.png,
fab9f1a4512de791eae3ba4c8ce74a792f436490.png,
fadee4ca368d741bae6869d41d01eb883476802c.png,
fae06dcb057835d922336cbfb9e399cfde1f7b6b.png,
fae2ae85262d43b2d4e874dca841414ec46d49d6.png,
faf229503a43e15c02e394270e3eac0431f8f1f1.png,
faf2ec5e151fafae37b2d70e382f7814ce1e87bf.png,
fb1f3f4ec683d3a83c6517155c69b1463cfc447c.png,
fb27bfd8c54e0ce0225a4dde5edb7b8bec93a600.png,
fb7552cb49357dbd97af6ac8666e69b3d841b3b2.png,
fb759d4bc60d24dc22467082bd523322db1a10e5.png,
fbd047677e7f2130146e085425c29a7f6476bd5a.png,
fc38da8808da5689e93fc9d6c878a692d28d0dd8.png,
fc3a38e5bce0778d9eabfcbfa559bc5a996eeef1.png,
fc3aeeb551ea47c450966b5bce9731a21b269d82.png,
fc472369c8bbce9bffbff565f7427216842a25a9.png,
fc5337a5e67bce7115ca6f7a198b18cb57d11300.png,
fcc61f89e7733eecb0e918e4b74731f5b1e89d9f.png,
fcecd795a22c42136d8d000e183667aa8706899b.png,
fcf89465bb9b3bf5f63b9d62c454403f47bfdc74.png,
fcfd78146a4d6fc038acce395e051adf41453b22.png,
fd27be7df3d2deade6e1feb61cbd5259dd0df456.png,
fd5d8e1c55e27c27b3e1a5931ad14ed47d08302b.png,
fd7d6c65436cb95566cd6e7e936cf5d2ef4d081d.png,
fd8602f2e9c83c27a9e7f8a2afdd37aa01741c89.png,
fd976f3e7d8dc258b298d6ed604b371c6ad7f966.png,
fd9cbfb0df2208d1644f20b6ac3cd74cbaf7bbd8.png,
fe1ec99008cf3e8558ceb8210111affed2fb41ca.png,
fe4d4139eb4eafa90f8d4fcedd78b7b295fc3dd6.png,
fe5751ce2a6af12b8b6a9fefffc412776b5bf99e.png,
fe591ccdb4807be724f8a52ca24448a11c8552a0.png,
ff18492c7bdc8c34eb92de9c9ef0e0f1c72e2532.png,
ff846ca5039f37648f22456ee47cebcf04d48923.png,
ffa98224de72c8b47de1f0ed7bbb5ce49abc0113.png,
ffaa701142225e680105cc44a157732959efc843.png,
ffd9a10ba2a041a565f13c52754068514225b1d8.png,
ffe1a77e4d2235374c19118210d32ae3fabb1ad0.png,
